pl_name,pl_letter,hostname,hd_name,hip_name,tic_id,gaia_id,default_flag,pl_refname,sy_refname,disc_pubdate,disc_year,discoverymethod,disc_locale,disc_facility,disc_instrument,disc_telescope,disc_refname,ra,rastr,dec,decstr,glon,glat,elon,elat,pl_orbper,pl_orbpererr1,pl_orbpererr2,pl_orbperlim,pl_orbperstr,pl_orblpererr1,pl_orblper,pl_orblpererr2,pl_orblperlim,pl_orblperstr,pl_orbsmax,pl_orbsmaxerr1,pl_orbsmaxerr2,pl_orbsmaxlim,pl_orbsmaxstr,pl_orbincl,pl_orbinclerr1,pl_orbinclerr2,pl_orbincllim,pl_orbinclstr,pl_orbtper,pl_orbtpererr1,pl_orbtpererr2,pl_orbtperlim,pl_orbtperstr,pl_orbeccen,pl_orbeccenerr1,pl_orbeccenerr2,pl_orbeccenlim,pl_orbeccenstr,pl_eqt,pl_eqterr1,pl_eqterr2,pl_eqtlim,pl_eqtstr,pl_occdep,pl_occdeperr1,pl_occdeperr2,pl_occdeplim,pl_occdepstr,pl_insol,pl_insolerr1,pl_insolerr2,pl_insollim,pl_insolstr,pl_dens,pl_denserr1,pl_denserr2,pl_denslim,pl_densstr,pl_trandep,pl_trandeperr1,pl_trandeperr2,pl_trandeplim,pl_trandepstr,pl_tranmid,pl_tranmiderr1,pl_tranmiderr2,pl_tranmidlim,pl_tranmidstr,pl_trandur,pl_trandurerr1,pl_trandurerr2,pl_trandurlim,pl_trandurstr,sy_kmagstr,sy_umag,sy_umagerr1,sy_umagerr2,sy_umagstr,sy_rmag,sy_rmagerr1,sy_rmagerr2,sy_rmagstr,sy_imag,sy_imagerr1,sy_imagerr2,sy_imagstr,sy_zmag,sy_zmagerr1,sy_zmagerr2,sy_zmagstr,sy_w1mag,sy_w1magerr1,sy_w1magerr2,sy_w1magstr,sy_w2mag,sy_w2magerr1,sy_w2magerr2,sy_w2magstr,sy_w3mag,sy_w3magerr1,sy_w3magerr2,sy_w3magstr,sy_w4mag,sy_w4magerr1,sy_w4magerr2,sy_w4magstr,sy_gmag,sy_gmagerr1,sy_gmagerr2,sy_gmagstr,sy_gaiamag,sy_gaiamagerr1,sy_gaiamagerr2,sy_gaiamagstr,sy_tmag,sy_tmagerr1,sy_tmagerr2,sy_tmagstr,pl_controv_flag,pl_tsystemref,st_metratio,st_spectype,sy_kepmag,sy_kepmagerr1,sy_kepmagerr2,sy_kepmagstr,st_rotp,st_rotperr1,st_rotperr2,st_rotplim,st_rotpstr,pl_projobliq,pl_projobliqerr1,pl_projobliqerr2,pl_projobliqlim,pl_projobliqstr,x,y,z,htm20,pl_rvamp,pl_rvamperr1,pl_rvamperr2,pl_rvamplim,pl_rvampstr,pl_radj,pl_radjerr1,pl_radjerr2,pl_radjlim,pl_radjstr,pl_rade,pl_radeerr1,pl_radeerr2,pl_radelim,pl_radestr,pl_ratror,pl_ratrorerr1,pl_ratrorerr2,pl_ratrorlim,pl_ratrorstr,pl_ratdor,pl_trueobliq,pl_trueobliqerr1,pl_trueobliqerr2,pl_trueobliqlim,pl_trueobliqstr,sy_icmag,sy_icmagerr1,sy_icmagerr2,sy_icmagstr,rowupdate,pl_pubdate,st_refname,releasedate,dkin_flag,pl_ratdorerr1,pl_ratdorerr2,pl_ratdorlim,pl_ratdorstr,pl_imppar,pl_impparerr1,pl_impparerr2,pl_impparlim,pl_impparstr,pl_cmassj,pl_cmassjerr1,pl_cmassjerr2,pl_cmassjlim,pl_cmassjstr,pl_cmasse,pl_cmasseerr1,pl_cmasseerr2,pl_cmasselim,pl_cmassestr,pl_massj,pl_massjerr1,pl_massjerr2,pl_massjlim,pl_massjstr,pl_masse,pl_masseerr1,pl_masseerr2,pl_masselim,pl_massestr,pl_bmassj,pl_bmassjerr1,pl_bmassjerr2,pl_bmassjlim,pl_bmassjstr,pl_bmasse,pl_bmasseerr1,pl_bmasseerr2,pl_bmasselim,pl_bmassestr,pl_bmassprov,pl_msinij,pl_msinijerr1,pl_msinijerr2,pl_msinijlim,pl_msinijstr,pl_msinie,pl_msinieerr1,pl_msinieerr2,pl_msinielim,pl_msiniestr,st_teff,st_tefferr1,st_tefferr2,st_tefflim,st_teffstr,st_met,st_meterr1,st_meterr2,st_metlim,st_metstr,st_radv,st_radverr1,st_radverr2,st_radvlim,st_radvstr,st_vsin,st_vsinerr1,st_vsinerr2,st_vsinlim,st_vsinstr,st_lum,st_lumerr1,st_lumerr2,st_lumlim,st_lumstr,st_logg,st_loggerr1,st_loggerr2,st_logglim,st_loggstr,st_age,st_ageerr1,st_ageerr2,st_agelim,st_agestr,st_mass,st_masserr1,st_masserr2,st_masslim,st_massstr,st_dens,st_denserr1,st_denserr2,st_denslim,st_densstr,st_rad,st_raderr1,st_raderr2,st_radlim,st_radstr,ttv_flag,ptv_flag,tran_flag,rv_flag,ast_flag,obm_flag,micro_flag,etv_flag,ima_flag,pul_flag,soltype,sy_snum,sy_pnum,sy_mnum,cb_flag,st_nphot,st_nrvc,st_nspec,pl_nespec,pl_ntranspec,pl_ndispec,pl_nnotes,sy_pm,sy_pmerr1,sy_pmerr2,sy_pmstr,sy_pmra,sy_pmraerr1,sy_pmraerr2,sy_pmrastr,sy_pmdec,sy_pmdecerr1,sy_pmdecerr2,sy_pmdecstr,sy_plx,sy_plxerr1,sy_plxerr2,sy_plxstr,sy_dist,sy_disterr1,sy_disterr2,sy_diststr,sy_bmag,sy_bmagerr1,sy_bmagerr2,sy_bmagstr,sy_vmag,sy_vmagerr1,sy_vmagerr2,sy_vmagstr,sy_jmag,sy_jmagerr1,sy_jmagerr2,sy_jmagstr,sy_hmag,sy_hmagerr1,sy_hmagerr2,sy_hmagstr,sy_kmag,sy_kmagerr1,sy_kmagerr2
GJ 876 b,b,GJ 876,,HIP 113020,TIC 188580272,Gaia DR2 2603090003484152064,0,<a refstr=MARCY_ET_AL__1998 href=https://ui.adsabs.harvard.edu/abs/1998ApJ...505L.147M/abstract target=ref> Marcy et al. 1998 </a>,<a refstr=STASSUN_ET_AL__2019 href=https://ui.adsabs.harvard.edu/abs/2019AJ....158..138S/abstract target=ref>TICv8</a>,1998-10,1998,Radial Velocity,Ground,Multiple Observatories,Multiple Instruments,Multiple Telescopes,<a refstr=MARCY_ET_AL__1998 href=https://ui.adsabs.harvard.edu/abs/1998ApJ...505L.147M/abstract target=ref> Marcy et al. 1998 </a>,343.3239737,22h53m17.75s,-14.2665958,-14d15m59.74s,52.00313,-59.63511,339.16805,-6.63092,60.85,0.15,-0.15,0.0,60.85&plusmn;0.15,6.0,24.0,-6.0,0.0,24&plusmn;6,0.21,0.01,-0.01,0.0,0.21&plusmn;0.01,,,,,,2450301.0,1.0,-1.0,0.0,2450301.0&plusmn;1.0,0.27,0.03,-0.03,0.0,0.27&plusmn;0.03,,,,,,,,,,,,,,,,,,,,,,,,,,,,,,,,,,,,5.010&plusmn;0.021,,,,,,,,,,,,,,,,,,,,,,,,,,,,,,,,,,,,,8.8753,0.00145,-0.00145,8.87530&plusmn;0.00145,7.57703,0.0074424,-0.0074424,7.5770300&plusmn;0.0074424,0,,,,9.131,,,9.131,,,,,,,,,,,0.928399285591086,-0.2781097615002609,-0.2464340217425938,-1428809485,239.0,5.0,-5.0,0.0,239&plusmn;5,,,,,,,,,,,,,,,,,,,,,,,,,,2014-08-27,1998-10,<a refstr=STASSUN_ET_AL__2019 href=https://ui.adsabs.harvard.edu/abs/2019AJ....158..138S/abstract target=ref>TICv8</a>,2014-08-27,0,,,,,,,,,,,,,,,,,,,,,,,,,,,,,,2.11,0.2,-0.2,0.0,2.11&plusmn;0.20,670.59,63.56,-63.56,0.0,670.59&plusmn;63.56,Msini,2.11,0.2,-0.2,0.0,2.11&plusmn;0.20,670.59,63.56,-63.56,0.0,670.59&plusmn;63.56,3271.0,157.0,-157.0,0.0,3271.0&plusmn;157.0,,,,,,,,,,,,,,,,-1.89295,0.09803,-0.12681,0.0,"<div><span class=supersubNumber"">-1.89295</span><span class=""superscript"">+0.09803</span><span class=""subscript"">-0.12681</span></div>""",4.87177,0.000398,-0.000398,0.0,4.8717700&plusmn;0.0003975,,,,,,0.336778,0.020241,-0.020241,0.0,0.3367780&plusmn;0.0202407,10.865574,0.320843,-0.320843,0.0,10.8655736&plusmn;0.3208426,0.352224,0.01053,-0.01053,0.0,0.3522240&plusmn;0.0105297,0,0,0,1,1,0,0,0,0,0,Published Confirmed,1,4,0,0,3,4,13,0,0,0,0,1171.1009489,0.1123822,-0.1123822,1171.1009489&plusmn;0.1123822,957.961,0.117383,-0.117383,957.961000&plusmn;0.117383,-673.638,0.101519,-0.101519,-673.638000&plusmn;0.101519,213.867,0.0758348,-0.0758348,213.8670000&plusmn;0.0758348,4.67517,0.00167,-0.00167,4.67517&plusmn;0.00167,11.73,0.121,-0.121,11.730&plusmn;0.121,10.16,0.1,-0.1,10.16&plusmn;0.10,5.934,0.019,-0.019,5.934&plusmn;0.019,5.349,0.049,-0.049,5.349&plusmn;0.049,5.01,0.021,-0.021
GJ 876 c,c,GJ 876,,HIP 113020,TIC 188580272,Gaia DR2 2603090003484152064,0,<a refstr=NELSON_ET_AL__2016 href=https://ui.adsabs.harvard.edu/abs/2016MNRAS.455.2484N/abstract target=ref>Nelson et al. 2016</a>,<a refstr=STASSUN_ET_AL__2019 href=https://ui.adsabs.harvard.edu/abs/2019AJ....158..138S/abstract target=ref>TICv8</a>,2001-07,2000,Radial Velocity,Ground,Multiple Observatories,Multiple Instruments,Multiple Telescopes,<a refstr=MARCY_ET_AL__2001 href=https://ui.adsabs.harvard.edu/abs/2001ApJ...556..296M/abstract target=ref> Marcy et al. 2001 </a>,343.3239737,22h53m17.75s,-14.2665958,-14d15m59.74s,52.00313,-59.63511,339.16805,-6.63092,30.0784,0.0075,-0.0071,0.0,"<div><span class=supersubNumber"">30.0784</span><span class=""superscript"">+0.0075</span><span class=""subscript"">-0.0071</span></div>""",1.21,115.96,-1.35,0.0,"<div><span class=supersubNumber"">115.96</span><span class=""superscript"">+1.21</span><span class=""subscript"">-1.35</span></div>""",0.135989,2.3e-05,-2.1e-05,0.0,"<div><span class=supersubNumber"">0.135989</span><span class=""superscript"">+0.000023</span><span class=""subscript"">-0.000021</span></div>""",53.19,1.39,-1.43,0.0,"<div><span class=supersubNumber"">53.19</span><span class=""superscript"">+1.39</span><span class=""subscript"">-1.43</span></div>""",,,,,,0.2531,0.0031,-0.0031,0.0,0.2531&plusmn;0.0031,,,,,,,,,,,,,,,,,,,,,,,,,,,,,,,,,,,,5.010&plusmn;0.021,,,,,,,,,,,,,,,,,,,,,,,,,,,,,,,,,,,,,8.8753,0.00145,-0.00145,8.87530&plusmn;0.00145,7.57703,0.0074424,-0.0074424,7.5770300&plusmn;0.0074424,0,,,,9.131,,,9.131,,,,,,,,,,,0.928399285591086,-0.2781097615002609,-0.2464340217425938,-1428809485,87.93,0.36,-0.36,0.0,87.93&plusmn;0.36,,,,,,,,,,,,,,,,,,,,,,,,,,2016-01-27,2016-01,<a refstr=NELSON_ET_AL__2016 href=https://ui.adsabs.harvard.edu/abs/2016MNRAS.455.2484N/abstract target=ref>Nelson et al. 2016</a>,2016-01-28,0,,,,,,,,,,,,,,,,,,,,0.83755467,0.01510241,-0.01352925,0.0,"<div><span class=supersubNumber"">0.8376</span><span class=""superscript"">+0.0151</span><span class=""subscript"">-0.0135</span></div>""",266.2,4.8,-4.3,0.0,"<div><span class=supersubNumber"">266.2</span><span class=""superscript"">+4.8</span><span class=""subscript"">-4.3</span></div>""",0.83755467,0.01510241,-0.01352925,0.0,"<div><span class=supersubNumber"">0.8376</span><span class=""superscript"">+0.0151</span><span class=""subscript"">-0.0135</span></div>""",266.2,4.8,-4.3,0.0,"<div><span class=supersubNumber"">266.2</span><span class=""superscript"">+4.8</span><span class=""subscript"">-4.3</span></div>""",Mass,,,,,,,,,,,,,,,,,,,,,,,,,,,,,,,,,,,,,,,,,,,,,,0.37,,,0.0,0.37,,,,,,,,,,,0,0,0,1,0,0,0,0,0,0,Published Confirmed,1,4,0,0,3,4,13,0,0,0,0,1171.1009489,0.1123822,-0.1123822,1171.1009489&plusmn;0.1123822,957.961,0.117383,-0.117383,957.961000&plusmn;0.117383,-673.638,0.101519,-0.101519,-673.638000&plusmn;0.101519,213.867,0.0758348,-0.0758348,213.8670000&plusmn;0.0758348,4.67517,0.00167,-0.00167,4.67517&plusmn;0.00167,11.73,0.121,-0.121,11.730&plusmn;0.121,10.16,0.1,-0.1,10.16&plusmn;0.10,5.934,0.019,-0.019,5.934&plusmn;0.019,5.349,0.049,-0.049,5.349&plusmn;0.049,5.01,0.021,-0.021
GJ 876 c,c,GJ 876,,HIP 113020,TIC 188580272,Gaia DR2 2603090003484152064,1,<a refstr=RIVERA_ET_AL__2010 href=https://ui.adsabs.harvard.edu/abs/2010ApJ...719..890R/abstract target=ref> Rivera et al. 2010 </a>,<a refstr=STASSUN_ET_AL__2019 href=https://ui.adsabs.harvard.edu/abs/2019AJ....158..138S/abstract target=ref>TICv8</a>,2001-07,2000,Radial Velocity,Ground,Multiple Observatories,Multiple Instruments,Multiple Telescopes,<a refstr=MARCY_ET_AL__2001 href=https://ui.adsabs.harvard.edu/abs/2001ApJ...556..296M/abstract target=ref> Marcy et al. 2001 </a>,343.3239737,22h53m17.75s,-14.2665958,-14d15m59.74s,52.00313,-59.63511,339.16805,-6.63092,30.0881,0.0082,-0.0082,0.0,30.0881&plusmn;0.0082,0.7,48.76,-0.7,0.0,48.76&plusmn;0.70,0.12959,2.4e-05,-2.4e-05,0.0,0.129590&plusmn;0.000024,59.0,,,0.0,59,2450602.093,,,0.0,2450602.093,0.25591,0.00093,-0.00093,0.0,0.25591&plusmn;0.00093,,,,,,,,,,,,,,,,,,,,,,,,,,,,,,,,,,,,5.010&plusmn;0.021,,,,,,,,,,,,,,,,,,,,,,,,,,,,,,,,,,,,,8.8753,0.00145,-0.00145,8.87530&plusmn;0.00145,7.57703,0.0074424,-0.0074424,7.5770300&plusmn;0.0074424,0,,,,9.131,,,9.131,,,,,,,,,,,0.928399285591086,-0.2781097615002609,-0.2464340217425938,-1428809485,88.34,0.47,-0.47,0.0,88.34&plusmn;0.47,,,,,,,,,,,,,,,,,,,,,,,,,,2014-08-27,2010-08,<a refstr=RIVERA_ET_AL__2010 href=https://ui.adsabs.harvard.edu/abs/2010ApJ...719..890R/abstract target=ref> Rivera et al. 2010 </a>,2014-08-27,0,,,,,,,,,,,,,,,,,,,,0.7142,0.0039,-0.0039,0.0,0.7142&plusmn;0.0039,226.9846,1.2395,-1.2395,0.0,226.9846&plusmn;1.2395,0.7142,0.0039,-0.0039,0.0,0.7142&plusmn;0.0039,226.9846,1.2395,-1.2395,0.0,226.9846&plusmn;1.2395,Mass,,,,,,,,,,,,,,,,,,,,,,,,,,,,,,,-1.90658,,,0.0,-1.91,,,,,,1.0,,,-1.0,&gt;1,0.32,0.03,-0.03,0.0,0.32&plusmn;0.03,,,,,,0.3,,,0.0,0.3,0,0,0,1,0,0,0,0,0,0,Published Confirmed,1,4,0,0,3,4,13,0,0,0,0,1171.1009489,0.1123822,-0.1123822,1171.1009489&plusmn;0.1123822,957.961,0.117383,-0.117383,957.961000&plusmn;0.117383,-673.638,0.101519,-0.101519,-673.638000&plusmn;0.101519,213.867,0.0758348,-0.0758348,213.8670000&plusmn;0.0758348,4.67517,0.00167,-0.00167,4.67517&plusmn;0.00167,11.73,0.121,-0.121,11.730&plusmn;0.121,10.16,0.1,-0.1,10.16&plusmn;0.10,5.934,0.019,-0.019,5.934&plusmn;0.019,5.349,0.049,-0.049,5.349&plusmn;0.049,5.01,0.021,-0.021
GJ 876 b,b,GJ 876,,HIP 113020,TIC 188580272,Gaia DR2 2603090003484152064,0,<a refstr=MARCY_ET_AL__2001 href=https://ui.adsabs.harvard.edu/abs/2001ApJ...556..296M/abstract target=ref> Marcy et al. 2001 </a>,<a refstr=STASSUN_ET_AL__2019 href=https://ui.adsabs.harvard.edu/abs/2019AJ....158..138S/abstract target=ref>TICv8</a>,1998-10,1998,Radial Velocity,Ground,Multiple Observatories,Multiple Instruments,Multiple Telescopes,<a refstr=MARCY_ET_AL__1998 href=https://ui.adsabs.harvard.edu/abs/1998ApJ...505L.147M/abstract target=ref> Marcy et al. 1998 </a>,343.3239737,22h53m17.75s,-14.2665958,-14d15m59.74s,52.00313,-59.63511,339.16805,-6.63092,61.02,0.03,-0.03,0.0,61.02&plusmn;0.03,12.0,333.0,-12.0,0.0,333&plusmn;12,0.208,,,0.0,0.208,,,,,,2450106.2,1.9,-1.9,0.0,2450106.2&plusmn;1.9,0.1,0.02,-0.02,0.0,0.10&plusmn;0.02,,,,,,,,,,,,,,,,,,,,,,,,,,,,,,,,,,,,5.010&plusmn;0.021,,,,,,,,,,,,,,,,,,,,,,,,,,,,,,,,,,,,,8.8753,0.00145,-0.00145,8.87530&plusmn;0.00145,7.57703,0.0074424,-0.0074424,7.5770300&plusmn;0.0074424,0,,,,9.131,,,9.131,,,,,,,,,,,0.928399285591086,-0.2781097615002609,-0.2464340217425938,-1428809485,210.0,5.0,-5.0,0.0,210&plusmn;5,,,,,,,,,,,,,,,,,,,,,,,,,,2014-08-27,2001-07,<a refstr=STASSUN_ET_AL__2019 href=https://ui.adsabs.harvard.edu/abs/2019AJ....158..138S/abstract target=ref>TICv8</a>,2014-08-27,0,,,,,,,,,,,,,,,,,,,,,,,,,,,,,,1.89,0.3,-0.3,0.0,1.89&plusmn;0.3,600.67,95.34,-95.34,0.0,600.67&plusmn;95.34,Msini,1.89,0.3,-0.3,0.0,1.89&plusmn;0.3,600.67,95.34,-95.34,0.0,600.67&plusmn;95.34,3271.0,157.0,-157.0,0.0,3271.0&plusmn;157.0,,,,,,,,,,,,,,,,-1.89295,0.09803,-0.12681,0.0,"<div><span class=supersubNumber"">-1.89295</span><span class=""superscript"">+0.09803</span><span class=""subscript"">-0.12681</span></div>""",4.87177,0.000398,-0.000398,0.0,4.8717700&plusmn;0.0003975,,,,,,0.336778,0.020241,-0.020241,0.0,0.3367780&plusmn;0.0202407,10.865574,0.320843,-0.320843,0.0,10.8655736&plusmn;0.3208426,0.352224,0.01053,-0.01053,0.0,0.3522240&plusmn;0.0105297,0,0,0,1,1,0,0,0,0,0,Published Confirmed,1,4,0,0,3,4,13,0,0,0,0,1171.1009489,0.1123822,-0.1123822,1171.1009489&plusmn;0.1123822,957.961,0.117383,-0.117383,957.961000&plusmn;0.117383,-673.638,0.101519,-0.101519,-673.638000&plusmn;0.101519,213.867,0.0758348,-0.0758348,213.8670000&plusmn;0.0758348,4.67517,0.00167,-0.00167,4.67517&plusmn;0.00167,11.73,0.121,-0.121,11.730&plusmn;0.121,10.16,0.1,-0.1,10.16&plusmn;0.10,5.934,0.019,-0.019,5.934&plusmn;0.019,5.349,0.049,-0.049,5.349&plusmn;0.049,5.01,0.021,-0.021
GJ 876 b,b,GJ 876,,HIP 113020,TIC 188580272,Gaia DR2 2603090003484152064,1,<a refstr=RIVERA_ET_AL__2010 href=https://ui.adsabs.harvard.edu/abs/2010ApJ...719..890R/abstract target=ref> Rivera et al. 2010 </a>,<a refstr=STASSUN_ET_AL__2019 href=https://ui.adsabs.harvard.edu/abs/2019AJ....158..138S/abstract target=ref>TICv8</a>,1998-10,1998,Radial Velocity,Ground,Multiple Observatories,Multiple Instruments,Multiple Telescopes,<a refstr=MARCY_ET_AL__1998 href=https://ui.adsabs.harvard.edu/abs/1998ApJ...505L.147M/abstract target=ref> Marcy et al. 1998 </a>,343.3239737,22h53m17.75s,-14.2665958,-14d15m59.74s,52.00313,-59.63511,339.16805,-6.63092,61.1166,0.0086,-0.0086,0.0,61.1166&plusmn;0.0086,3.2,50.3,-3.2,0.0,50.3&plusmn;3.2,0.208317,2e-05,-2e-05,0.0,0.208317&plusmn;0.000020,59.0,,,0.0,59,2450602.093,,,0.0,2450602.093,0.0324,0.0013,-0.0013,0.0,0.0324&plusmn;0.0013,,,,,,,,,,,,,,,,,,,,,,,,,,,,,,,,,,,,5.010&plusmn;0.021,,,,,,,,,,,,,,,,,,,,,,,,,,,,,,,,,,,,,8.8753,0.00145,-0.00145,8.87530&plusmn;0.00145,7.57703,0.0074424,-0.0074424,7.5770300&plusmn;0.0074424,0,,,,9.131,,,9.131,,,,,,,,,,,0.928399285591086,-0.2781097615002609,-0.2464340217425938,-1428809485,214.0,0.42,-0.42,0.0,214.00&plusmn;0.42,,,,,,,,,,,,,,,,,,,,,,,,,,2014-08-27,2010-08,<a refstr=RIVERA_ET_AL__2010 href=https://ui.adsabs.harvard.edu/abs/2010ApJ...719..890R/abstract target=ref> Rivera et al. 2010 </a>,2014-08-27,0,,,,,,,,,,,,,,,,,,,,2.2756,0.0045,-0.0045,0.0,2.2756&plusmn;0.0045,723.2235,1.4302,-1.4302,0.0,723.2235&plusmn;1.4302,2.2756,0.0045,-0.0045,0.0,2.2756&plusmn;0.0045,723.2235,1.4302,-1.4302,0.0,723.2235&plusmn;1.4302,Mass,,,,,,,,,,,,,,,,,,,,,,,,,,,,,,,-1.90658,,,0.0,-1.91,,,,,,1.0,,,-1.0,&gt;1,0.32,0.03,-0.03,0.0,0.32&plusmn;0.03,,,,,,0.3,,,0.0,0.3,0,0,0,1,1,0,0,0,0,0,Published Confirmed,1,4,0,0,3,4,13,0,0,0,0,1171.1009489,0.1123822,-0.1123822,1171.1009489&plusmn;0.1123822,957.961,0.117383,-0.117383,957.961000&plusmn;0.117383,-673.638,0.101519,-0.101519,-673.638000&plusmn;0.101519,213.867,0.0758348,-0.0758348,213.8670000&plusmn;0.0758348,4.67517,0.00167,-0.00167,4.67517&plusmn;0.00167,11.73,0.121,-0.121,11.730&plusmn;0.121,10.16,0.1,-0.1,10.16&plusmn;0.10,5.934,0.019,-0.019,5.934&plusmn;0.019,5.349,0.049,-0.049,5.349&plusmn;0.049,5.01,0.021,-0.021
GJ 876 b,b,GJ 876,,HIP 113020,TIC 188580272,Gaia DR2 2603090003484152064,0,<a refstr=TRIFONOV_ET_AL__2018 href=https://ui.adsabs.harvard.edu/abs/2018A&A...609A.117T/abstract target=ref>Trifonov et al. 2018</a>,<a refstr=STASSUN_ET_AL__2019 href=https://ui.adsabs.harvard.edu/abs/2019AJ....158..138S/abstract target=ref>TICv8</a>,1998-10,1998,Radial Velocity,Ground,Multiple Observatories,Multiple Instruments,Multiple Telescopes,<a refstr=MARCY_ET_AL__1998 href=https://ui.adsabs.harvard.edu/abs/1998ApJ...505L.147M/abstract target=ref> Marcy et al. 1998 </a>,343.3239737,22h53m17.75s,-14.2665958,-14d15m59.74s,52.00313,-59.63511,339.16805,-6.63092,61.082,0.006,-0.01,0.0,"<div><span class=supersubNumber"">61.082</span><span class=""superscript"">+0.006</span><span class=""subscript"">-0.010</span></div>""",6.7,35.1,-1.9,0.0,"<div><span class=supersubNumber"">35.1</span><span class=""superscript"">+6.7</span><span class=""subscript"">-1.9</span></div>""",0.214,0.001,-0.001,0.0,0.214&plusmn;0.001,59.0,,,0.0,59.0,,,,,,0.027,0.002,-0.002,0.0,0.027&plusmn;0.002,,,,,,,,,,,,,,,,,,,,,,,,,,,,,,,,,,,,5.010&plusmn;0.021,,,,,,,,,,,,,,,,,,,,,,,,,,,,,,,,,,,,,8.8753,0.00145,-0.00145,8.87530&plusmn;0.00145,7.57703,0.0074424,-0.0074424,7.5770300&plusmn;0.0074424,0,,,,9.131,,,9.131,,,,,,,,,,,0.928399285591086,-0.2781097615002609,-0.2464340217425938,-1428809485,212.07,0.27,-0.26,0.0,"<div><span class=supersubNumber"">212.07</span><span class=""superscript"">+0.27</span><span class=""subscript"">-0.26</span></div>""",,,,,,,,,,,,,,,,,,,,,,,,,,2017-10-16,2018-02,<a refstr=STASSUN_ET_AL__2019 href=https://ui.adsabs.harvard.edu/abs/2019AJ....158..138S/abstract target=ref>TICv8</a>,2017-10-19,0,,,,,,,,,,2.79297534,0.00367062,-0.00367062,0.0,2.79&plusmn;0.00,887.69135194,1.1666334,-1.1666334,0.0,888&plusmn;1,,,,,,,,,,,2.79297534,0.00367062,-0.00367062,0.0,2.79&plusmn;0.00,887.69135194,1.1666334,-1.1666334,0.0,888&plusmn;1,Msin(i)/sin(i),2.39404713,0.00314634,-0.00314634,0.0,2.394&plusmn;0.003,760.9,1.0,-1.0,0.0,760.9&plusmn;1.0,3271.0,157.0,-157.0,0.0,3271.0&plusmn;157.0,,,,,,,,,,,,,,,,-1.89295,0.09803,-0.12681,0.0,"<div><span class=supersubNumber"">-1.89295</span><span class=""superscript"">+0.09803</span><span class=""subscript"">-0.12681</span></div>""",4.87177,0.000398,-0.000398,0.0,4.8717700&plusmn;0.0003975,,,,,,0.336778,0.020241,-0.020241,0.0,0.3367780&plusmn;0.0202407,10.865574,0.320843,-0.320843,0.0,10.8655736&plusmn;0.3208426,0.352224,0.01053,-0.01053,0.0,0.3522240&plusmn;0.0105297,0,0,0,1,1,0,0,0,0,0,Published Confirmed,1,4,0,0,3,4,13,0,0,0,0,1171.1009489,0.1123822,-0.1123822,1171.1009489&plusmn;0.1123822,957.961,0.117383,-0.117383,957.961000&plusmn;0.117383,-673.638,0.101519,-0.101519,-673.638000&plusmn;0.101519,213.867,0.0758348,-0.0758348,213.8670000&plusmn;0.0758348,4.67517,0.00167,-0.00167,4.67517&plusmn;0.00167,11.73,0.121,-0.121,11.730&plusmn;0.121,10.16,0.1,-0.1,10.16&plusmn;0.10,5.934,0.019,-0.019,5.934&plusmn;0.019,5.349,0.049,-0.049,5.349&plusmn;0.049,5.01,0.021,-0.021
GJ 876 d,d,GJ 876,,HIP 113020,TIC 188580272,Gaia DR2 2603090003484152064,0,<a refstr=CORREIA_ET_AL__2010 href=https://ui.adsabs.harvard.edu/abs/2010A%26A...511A..21C/abstract target=ref> Correia et al. 2010 </a>,<a refstr=STASSUN_ET_AL__2019 href=https://ui.adsabs.harvard.edu/abs/2019AJ....158..138S/abstract target=ref>TICv8</a>,2005-11,2005,Radial Velocity,Ground,W. M. Keck Observatory,HIRES Spectrometer,10 m Keck I Telescope,<a refstr=RIVERA_ET_AL__2005 href=https://ui.adsabs.harvard.edu/abs/2005ApJ...634..625R/abstract target=ref> Rivera et al. 2005 </a>,343.3239737,22h53m17.75s,-14.2665958,-14d15m59.74s,52.00313,-59.63511,339.16805,-6.63092,1.93785,2e-05,-2e-05,0.0,1.93785&plusmn;0.00002,17.21,168.45,-17.21,0.0,168.45&plusmn;17.21,0.021,,,0.0,0.021,59.0,,,0.0,59,2455000.0,,,0.0,2455000.00,0.124,0.032,-0.032,0.0,0.124&plusmn;0.032,,,,,,,,,,,,,,,,,,,,,,,,,,,,,,,,,,,,5.010&plusmn;0.021,,,,,,,,,,,,,,,,,,,,,,,,,,,,,,,,,,,,,8.8753,0.00145,-0.00145,8.87530&plusmn;0.00145,7.57703,0.0074424,-0.0074424,7.5770300&plusmn;0.0074424,0,,[Fe/H],M4 V,9.131,,,9.131,,,,,,,,,,,0.928399285591086,-0.2781097615002609,-0.2464340217425938,-1428809485,6.6,0.26,-0.26,0.0,6.60&plusmn;0.26,,,,,,,,,,,,,,,,,,,,,,,,,,2014-08-27,2010-02,<a refstr=CORREIA_ET_AL__2010 href=https://ui.adsabs.harvard.edu/abs/2010A%26A...511A..21C/abstract target=ref> Correia et al. 2010 </a>,2014-08-27,0,,,,,,,,,,0.02,,,0.0,0.02,7.4,,,0.0,7.4,,,,,,,,,,,0.02,,,0.0,0.02,7.4,,,0.0,7.4,Msin(i)/sin(i),0.02,,,0.0,0.02,6.2,,,0.0,6.2,,,,,,0.05,0.2,-0.2,0.0,0.05&plusmn;0.20,,,,,,0.16,,,0.0,0.16,-1.886,,,0.0,-1.886,,,,,,2.55,2.45,-2.45,0.0,2.55&plusmn;2.45,0.334,0.033,-0.033,0.0,0.334&plusmn;0.033,,,,,,,,,,,0,0,0,1,0,0,0,0,0,0,Published Confirmed,1,4,0,0,3,4,13,0,0,0,1,1171.1009489,0.1123822,-0.1123822,1171.1009489&plusmn;0.1123822,957.961,0.117383,-0.117383,957.961000&plusmn;0.117383,-673.638,0.101519,-0.101519,-673.638000&plusmn;0.101519,213.867,0.0758348,-0.0758348,213.8670000&plusmn;0.0758348,4.67517,0.00167,-0.00167,4.67517&plusmn;0.00167,11.73,0.121,-0.121,11.730&plusmn;0.121,10.16,0.1,-0.1,10.16&plusmn;0.10,5.934,0.019,-0.019,5.934&plusmn;0.019,5.349,0.049,-0.049,5.349&plusmn;0.049,5.01,0.021,-0.021
GJ 876 b,b,GJ 876,,HIP 113020,TIC 188580272,Gaia DR2 2603090003484152064,0,<a refstr=GAIA_COLLABORATION_ET_AL__2023 href=https://ui.adsabs.harvard.edu/abs/2023A&A...674A..34G/abstract target=ref>Gaia Collaboration et al. 2023</a>,<a refstr=STASSUN_ET_AL__2019 href=https://ui.adsabs.harvard.edu/abs/2019AJ....158..138S/abstract target=ref>TICv8</a>,1998-10,1998,Radial Velocity,Ground,Multiple Observatories,Multiple Instruments,Multiple Telescopes,<a refstr=MARCY_ET_AL__1998 href=https://ui.adsabs.harvard.edu/abs/1998ApJ...505L.147M/abstract target=ref> Marcy et al. 1998 </a>,343.3239737,22h53m17.75s,-14.2665958,-14d15m59.74s,52.00313,-59.63511,339.16805,-6.63092,61.4,0.2,-0.2,0.0,61.4&plusmn;0.2,,,,,,,,,,,101.0,8.0,-8.0,0.0,101&plusmn;8,,,,,,0.16,0.15,-0.15,0.0,0.16&plusmn;0.15,,,,,,,,,,,,,,,,,,,,,,,,,,,,,,,,,,,,5.010&plusmn;0.021,,,,,,,,,,,,,,,,,,,,,,,,,,,,,,,,,,,,,8.8753,0.00145,-0.00145,8.87530&plusmn;0.00145,7.57703,0.0074424,-0.0074424,7.5770300&plusmn;0.0074424,0,,,,9.131,,,9.131,,,,,,,,,,,0.928399285591086,-0.2781097615002609,-0.2464340217425938,-1428809485,,,,,,,,,,,,,,,,,,,,,,,,,,,,,,,2024-09-16,2023-06,,2024-09-16,0,,,,,,,,,,,,,,,,,,,,3.6,0.4,-0.4,0.0,3.6&plusmn;0.4,1144.1822652,127.1313628,-127.1313628,0.0,1144&plusmn;127,3.6,0.4,-0.4,0.0,3.6&plusmn;0.4,1144.1822652,127.1313628,-127.1313628,0.0,1144&plusmn;127,Mass,2.1,0.2,-0.2,0.0,2.1&plusmn;0.2,667.4396547,63.5656814,-63.5656814,0.0,667&plusmn;64,,,,,,,,,,,,,,,,,,,,,,,,,,,,,,,,,,,,,,,,,,,,,,,,,,,0,0,0,1,1,0,0,0,0,0,Published Confirmed,1,4,0,0,3,4,13,0,0,0,0,1171.1009489,0.1123822,-0.1123822,1171.1009489&plusmn;0.1123822,957.961,0.117383,-0.117383,957.961000&plusmn;0.117383,-673.638,0.101519,-0.101519,-673.638000&plusmn;0.101519,213.867,0.0758348,-0.0758348,213.8670000&plusmn;0.0758348,4.67517,0.00167,-0.00167,4.67517&plusmn;0.00167,11.73,0.121,-0.121,11.730&plusmn;0.121,10.16,0.1,-0.1,10.16&plusmn;0.10,5.934,0.019,-0.019,5.934&plusmn;0.019,5.349,0.049,-0.049,5.349&plusmn;0.049,5.01,0.021,-0.021
GJ 876 c,c,GJ 876,,HIP 113020,TIC 188580272,Gaia DR2 2603090003484152064,0,<a refstr=CORREIA_ET_AL__2010 href=https://ui.adsabs.harvard.edu/abs/2010A%26A...511A..21C/abstract target=ref> Correia et al. 2010 </a>,<a refstr=STASSUN_ET_AL__2019 href=https://ui.adsabs.harvard.edu/abs/2019AJ....158..138S/abstract target=ref>TICv8</a>,2001-07,2000,Radial Velocity,Ground,Multiple Observatories,Multiple Instruments,Multiple Telescopes,<a refstr=MARCY_ET_AL__2001 href=https://ui.adsabs.harvard.edu/abs/2001ApJ...556..296M/abstract target=ref> Marcy et al. 2001 </a>,343.3239737,22h53m17.75s,-14.2665958,-14d15m59.74s,52.00313,-59.63511,339.16805,-6.63092,30.259,0.01,-0.01,0.0,30.259&plusmn;0.010,1.19,274.64,-1.19,0.0,274.64&plusmn;1.19,0.132,,,0.0,0.132,45.67,1.81,-1.81,0.0,45.67&plusmn;1.81,2455000.0,,,0.0,2455000.00,0.265,0.002,-0.002,0.0,0.265&plusmn;0.002,,,,,,,,,,,,,,,,,,,,,,,,,,,,,,,,,,,,5.010&plusmn;0.021,,,,,,,,,,,,,,,,,,,,,,,,,,,,,,,,,,,,,8.8753,0.00145,-0.00145,8.87530&plusmn;0.00145,7.57703,0.0074424,-0.0074424,7.5770300&plusmn;0.0074424,0,,[Fe/H],M4 V,9.131,,,9.131,,,,,,,,,,,0.928399285591086,-0.2781097615002609,-0.2464340217425938,-1428809485,85.91,0.4,-0.4,0.0,85.91&plusmn;0.40,,,,,,,,,,,,,,,,,,,,,,,,,,2014-08-27,2010-02,<a refstr=CORREIA_ET_AL__2010 href=https://ui.adsabs.harvard.edu/abs/2010A%26A...511A..21C/abstract target=ref> Correia et al. 2010 </a>,2014-08-27,0,,,,,,,,,,,,,,,,,,,,0.86,,,0.0,0.86,273.32,,,0.0,273.32,0.86,,,0.0,0.86,273.32,,,0.0,273.32,Mass,,,,,,,,,,,,,,,,0.05,0.2,-0.2,0.0,0.05&plusmn;0.20,,,,,,0.16,,,0.0,0.16,-1.886,,,0.0,-1.886,,,,,,2.55,2.45,-2.45,0.0,2.55&plusmn;2.45,0.334,0.033,-0.033,0.0,0.334&plusmn;0.033,,,,,,,,,,,0,0,0,1,0,0,0,0,0,0,Published Confirmed,1,4,0,0,3,4,13,0,0,0,0,1171.1009489,0.1123822,-0.1123822,1171.1009489&plusmn;0.1123822,957.961,0.117383,-0.117383,957.961000&plusmn;0.117383,-673.638,0.101519,-0.101519,-673.638000&plusmn;0.101519,213.867,0.0758348,-0.0758348,213.8670000&plusmn;0.0758348,4.67517,0.00167,-0.00167,4.67517&plusmn;0.00167,11.73,0.121,-0.121,11.730&plusmn;0.121,10.16,0.1,-0.1,10.16&plusmn;0.10,5.934,0.019,-0.019,5.934&plusmn;0.019,5.349,0.049,-0.049,5.349&plusmn;0.049,5.01,0.021,-0.021
GJ 876 d,d,GJ 876,,HIP 113020,TIC 188580272,Gaia DR2 2603090003484152064,1,<a refstr=RIVERA_ET_AL__2010 href=https://ui.adsabs.harvard.edu/abs/2010ApJ...719..890R/abstract target=ref> Rivera et al. 2010 </a>,<a refstr=STASSUN_ET_AL__2019 href=https://ui.adsabs.harvard.edu/abs/2019AJ....158..138S/abstract target=ref>TICv8</a>,2005-11,2005,Radial Velocity,Ground,W. M. Keck Observatory,HIRES Spectrometer,10 m Keck I Telescope,<a refstr=RIVERA_ET_AL__2005 href=https://ui.adsabs.harvard.edu/abs/2005ApJ...634..625R/abstract target=ref> Rivera et al. 2005 </a>,343.3239737,22h53m17.75s,-14.2665958,-14d15m59.74s,52.00313,-59.63511,339.16805,-6.63092,1.93778,2e-05,-2e-05,0.0,1.937780&plusmn;0.000020,20.0,234.0,-20.0,0.0,234&plusmn;20,0.02080665,1.5e-07,-1.5e-07,0.0,0.02080665&plusmn;0.00000015,59.0,,,0.0,59,2450602.093,,,0.0,2450602.093,0.207,0.055,-0.055,0.0,0.207&plusmn;0.055,,,,,,,,,,,,,,,,,,,,,,,,,,,,,,,,,,,,5.010&plusmn;0.021,,,,,,,,,,,,,,,,,,,,,,,,,,,,,,,,,,,,,8.8753,0.00145,-0.00145,8.87530&plusmn;0.00145,7.57703,0.0074424,-0.0074424,7.5770300&plusmn;0.0074424,0,,,,9.131,,,9.131,,,,,,,,,,,0.928399285591086,-0.2781097615002609,-0.2464340217425938,-1428809485,6.56,0.37,-0.37,0.0,6.56&plusmn;0.37,,,,,,,,,,,,,,,,,,,,,,,,,,2014-08-27,2010-08,<a refstr=RIVERA_ET_AL__2010 href=https://ui.adsabs.harvard.edu/abs/2010ApJ...719..890R/abstract target=ref> Rivera et al. 2010 </a>,2014-08-27,0,,,,,,,,,,,,,,,,,,,,0.021,0.001,-0.001,0.0,0.021&plusmn;0.001,6.83,0.4,-0.4,0.0,6.83&plusmn;0.40,0.021,0.001,-0.001,0.0,0.021&plusmn;0.001,6.83,0.4,-0.4,0.0,6.83&plusmn;0.40,Mass,,,,,,,,,,,,,,,,,,,,,,,,,,,,,,,-1.90658,,,0.0,-1.91,,,,,,1.0,,,-1.0,&gt;1,0.32,0.03,-0.03,0.0,0.32&plusmn;0.03,,,,,,0.3,,,0.0,0.3,0,0,0,1,0,0,0,0,0,0,Published Confirmed,1,4,0,0,3,4,13,0,0,0,1,1171.1009489,0.1123822,-0.1123822,1171.1009489&plusmn;0.1123822,957.961,0.117383,-0.117383,957.961000&plusmn;0.117383,-673.638,0.101519,-0.101519,-673.638000&plusmn;0.101519,213.867,0.0758348,-0.0758348,213.8670000&plusmn;0.0758348,4.67517,0.00167,-0.00167,4.67517&plusmn;0.00167,11.73,0.121,-0.121,11.730&plusmn;0.121,10.16,0.1,-0.1,10.16&plusmn;0.10,5.934,0.019,-0.019,5.934&plusmn;0.019,5.349,0.049,-0.049,5.349&plusmn;0.049,5.01,0.021,-0.021
GJ 876 b,b,GJ 876,,HIP 113020,TIC 188580272,Gaia DR2 2603090003484152064,0,<a refstr=NELSON_ET_AL__2016 href=https://ui.adsabs.harvard.edu/abs/2016MNRAS.455.2484N/abstract target=ref>Nelson et al. 2016</a>,<a refstr=STASSUN_ET_AL__2019 href=https://ui.adsabs.harvard.edu/abs/2019AJ....158..138S/abstract target=ref>TICv8</a>,1998-10,1998,Radial Velocity,Ground,Multiple Observatories,Multiple Instruments,Multiple Telescopes,<a refstr=MARCY_ET_AL__1998 href=https://ui.adsabs.harvard.edu/abs/1998ApJ...505L.147M/abstract target=ref> Marcy et al. 1998 </a>,343.3239737,22h53m17.75s,-14.2665958,-14d15m59.74s,52.00313,-59.63511,339.16805,-6.63092,61.087,0.011,-0.012,0.0,"<div><span class=supersubNumber"">61.087</span><span class=""superscript"">+0.011</span><span class=""subscript"">-0.012</span></div>""",3.86,110.8,-3.91,0.0,"<div><span class=supersubNumber"">110.80</span><span class=""superscript"">+3.86</span><span class=""subscript"">-3.91</span></div>""",0.218585,2.6e-05,-2.6e-05,0.0,0.218585&plusmn;0.000026,53.19,1.39,-1.43,0.0,"<div><span class=supersubNumber"">53.19</span><span class=""superscript"">+1.39</span><span class=""subscript"">-1.43</span></div>""",,,,,,0.0368,0.0019,-0.0025,0.0,"<div><span class=supersubNumber"">0.0368</span><span class=""superscript"">+0.0019</span><span class=""subscript"">-0.0025</span></div>""",,,,,,,,,,,,,,,,,,,,,,,,,,,,,,,,,,,,5.010&plusmn;0.021,,,,,,,,,,,,,,,,,,,,,,,,,,,,,,,,,,,,,8.8753,0.00145,-0.00145,8.87530&plusmn;0.00145,7.57703,0.0074424,-0.0074424,7.5770300&plusmn;0.0074424,0,,,,9.131,,,9.131,,,,,,,,,,,0.928399285591086,-0.2781097615002609,-0.2464340217425938,-1428809485,213.94,0.37,-0.38,0.0,"<div><span class=supersubNumber"">213.94</span><span class=""superscript"">+0.37</span><span class=""subscript"">-0.38</span></div>""",,,,,,,,,,,,,,,,,,,,,,,,,,2016-01-27,2016-01,<a refstr=NELSON_ET_AL__2016 href=https://ui.adsabs.harvard.edu/abs/2016MNRAS.455.2484N/abstract target=ref>Nelson et al. 2016</a>,2016-01-28,0,,,,,,,,,,,,,,,,,,,,2.6595979,0.05222918,-0.04719504,0.0,"<div><span class=supersubNumber"">2.660</span><span class=""superscript"">+0.052</span><span class=""subscript"">-0.047</span></div>""",845.3,16.6,-15.0,0.0,"<div><span class=supersubNumber"">845.3</span><span class=""superscript"">+16.6</span><span class=""subscript"">-15.0</span></div>""",2.6595979,0.05222918,-0.04719504,0.0,"<div><span class=supersubNumber"">2.660</span><span class=""superscript"">+0.052</span><span class=""subscript"">-0.047</span></div>""",845.3,16.6,-15.0,0.0,"<div><span class=supersubNumber"">845.3</span><span class=""superscript"">+16.6</span><span class=""subscript"">-15.0</span></div>""",Mass,,,,,,,,,,,,,,,,,,,,,,,,,,,,,,,,,,,,,,,,,,,,,,0.37,,,0.0,0.37,,,,,,,,,,,0,0,0,1,1,0,0,0,0,0,Published Confirmed,1,4,0,0,3,4,13,0,0,0,0,1171.1009489,0.1123822,-0.1123822,1171.1009489&plusmn;0.1123822,957.961,0.117383,-0.117383,957.961000&plusmn;0.117383,-673.638,0.101519,-0.101519,-673.638000&plusmn;0.101519,213.867,0.0758348,-0.0758348,213.8670000&plusmn;0.0758348,4.67517,0.00167,-0.00167,4.67517&plusmn;0.00167,11.73,0.121,-0.121,11.730&plusmn;0.121,10.16,0.1,-0.1,10.16&plusmn;0.10,5.934,0.019,-0.019,5.934&plusmn;0.019,5.349,0.049,-0.049,5.349&plusmn;0.049,5.01,0.021,-0.021
GJ 876 e,e,GJ 876,,HIP 113020,TIC 188580272,Gaia DR2 2603090003484152064,1,<a refstr=RIVERA_ET_AL__2010 href=https://ui.adsabs.harvard.edu/abs/2010ApJ...719..890R/abstract target=ref> Rivera et al. 2010 </a>,<a refstr=STASSUN_ET_AL__2019 href=https://ui.adsabs.harvard.edu/abs/2019AJ....158..138S/abstract target=ref>TICv8</a>,2010-08,2010,Radial Velocity,Ground,W. M. Keck Observatory,HIRES Spectrometer,10 m Keck I Telescope,<a refstr=RIVERA_ET_AL__2010 href=https://ui.adsabs.harvard.edu/abs/2010ApJ...719..890R/abstract target=ref> Rivera et al. 2010 </a>,343.3239737,22h53m17.75s,-14.2665958,-14d15m59.74s,52.00313,-59.63511,339.16805,-6.63092,124.26,0.7,-0.7,0.0,124.26&plusmn;0.70,22.0,239.0,-22.0,0.0,239&plusmn;22,0.3343,0.0013,-0.0013,0.0,0.3343&plusmn;0.0013,59.0,,,0.0,59,2450602.093,,,0.0,2450602.093,0.055,0.012,-0.012,0.0,0.055&plusmn;0.012,,,,,,,,,,,,,,,,,,,,,,,,,,,,,,,,,,,,5.010&plusmn;0.021,,,,,,,,,,,,,,,,,,,,,,,,,,,,,,,,,,,,,8.8753,0.00145,-0.00145,8.87530&plusmn;0.00145,7.57703,0.0074424,-0.0074424,7.5770300&plusmn;0.0074424,0,,,,9.131,,,9.131,,,,,,,,,,,0.928399285591086,-0.2781097615002609,-0.2464340217425938,-1428809485,3.42,0.39,-0.39,0.0,3.42&plusmn;0.39,,,,,,,,,,,,,,,,,,,,,,,,,,2014-08-27,2010-08,<a refstr=RIVERA_ET_AL__2010 href=https://ui.adsabs.harvard.edu/abs/2010ApJ...719..890R/abstract target=ref> Rivera et al. 2010 </a>,2014-08-27,0,,,,,,,,,,,,,,,,,,,,0.046,0.005,-0.005,0.0,0.046&plusmn;0.005,14.6,1.7,-1.7,0.0,14.6&plusmn;1.7,0.046,0.005,-0.005,0.0,0.046&plusmn;0.005,14.6,1.7,-1.7,0.0,14.6&plusmn;1.7,Mass,,,,,,,,,,,,,,,,,,,,,,,,,,,,,,,-1.90658,,,0.0,-1.91,,,,,,1.0,,,-1.0,&gt;1,0.32,0.03,-0.03,0.0,0.32&plusmn;0.03,,,,,,0.3,,,0.0,0.3,0,0,0,1,0,0,0,0,0,0,Published Confirmed,1,4,0,0,3,4,13,0,0,0,0,1171.1009489,0.1123822,-0.1123822,1171.1009489&plusmn;0.1123822,957.961,0.117383,-0.117383,957.961000&plusmn;0.117383,-673.638,0.101519,-0.101519,-673.638000&plusmn;0.101519,213.867,0.0758348,-0.0758348,213.8670000&plusmn;0.0758348,4.67517,0.00167,-0.00167,4.67517&plusmn;0.00167,11.73,0.121,-0.121,11.730&plusmn;0.121,10.16,0.1,-0.1,10.16&plusmn;0.10,5.934,0.019,-0.019,5.934&plusmn;0.019,5.349,0.049,-0.049,5.349&plusmn;0.049,5.01,0.021,-0.021
GJ 876 c,c,GJ 876,,HIP 113020,TIC 188580272,Gaia DR2 2603090003484152064,0,<a refstr=TRIFONOV_ET_AL__2018 href=https://ui.adsabs.harvard.edu/abs/2018A&A...609A.117T/abstract target=ref>Trifonov et al. 2018</a>,<a refstr=STASSUN_ET_AL__2019 href=https://ui.adsabs.harvard.edu/abs/2019AJ....158..138S/abstract target=ref>TICv8</a>,2001-07,2000,Radial Velocity,Ground,Multiple Observatories,Multiple Instruments,Multiple Telescopes,<a refstr=MARCY_ET_AL__2001 href=https://ui.adsabs.harvard.edu/abs/2001ApJ...556..296M/abstract target=ref> Marcy et al. 2001 </a>,343.3239737,22h53m17.75s,-14.2665958,-14d15m59.74s,52.00313,-59.63511,339.16805,-6.63092,30.126,0.011,-0.003,0.0,"<div><span class=supersubNumber"">30.126</span><span class=""superscript"">+0.011</span><span class=""subscript"">-0.003</span></div>""",0.4,51.6,-1.0,0.0,"<div><span class=supersubNumber"">51.6</span><span class=""superscript"">+0.4</span><span class=""subscript"">-1.0</span></div>""",0.134,0.001,-0.001,0.0,0.134&plusmn;0.001,59.0,,,0.0,59.0,,,,,,0.25,0.001,-0.002,0.0,"<div><span class=supersubNumber"">0.250</span><span class=""superscript"">+0.001</span><span class=""subscript"">-0.002</span></div>""",,,,,,,,,,,,,,,,,,,,,,,,,,,,,,,,,,,,5.010&plusmn;0.021,,,,,,,,,,,,,,,,,,,,,,,,,,,,,,,,,,,,,8.8753,0.00145,-0.00145,8.87530&plusmn;0.00145,7.57703,0.0074424,-0.0074424,7.5770300&plusmn;0.0074424,0,,,,9.131,,,9.131,,,,,,,,,,,0.928399285591086,-0.2781097615002609,-0.2464340217425938,-1428809485,88.34,0.23,-0.25,0.0,"<div><span class=supersubNumber"">88.34</span><span class=""superscript"">+0.23</span><span class=""subscript"">-0.25</span></div>""",,,,,,,,,,,,,,,,,,,,,,,,,,2017-10-16,2018-02,<a refstr=STASSUN_ET_AL__2019 href=https://ui.adsabs.harvard.edu/abs/2019AJ....158..138S/abstract target=ref>TICv8</a>,2017-10-19,0,,,,,,,,,,0.88645491,0.00256943,-0.00256943,0.0,0.886&plusmn;0.003,281.74196543,0.81664338,-0.81664338,0.0,282&plusmn;1,,,,,,,,,,,0.88645491,0.00256943,-0.00256943,0.0,0.886&plusmn;0.003,281.74196543,0.81664338,-0.81664338,0.0,282&plusmn;1,Msin(i)/sin(i),0.75984017,0.00220244,-0.0018878,0.0,"<div><span class=supersubNumber"">0.7598</span><span class=""superscript"">+0.0022</span><span class=""subscript"">-0.0019</span></div>""",241.5,0.7,-0.6,0.0,"<div><span class=supersubNumber"">241.5</span><span class=""superscript"">+0.7</span><span class=""subscript"">-0.6</span></div>""",3271.0,157.0,-157.0,0.0,3271.0&plusmn;157.0,,,,,,,,,,,,,,,,-1.89295,0.09803,-0.12681,0.0,"<div><span class=supersubNumber"">-1.89295</span><span class=""superscript"">+0.09803</span><span class=""subscript"">-0.12681</span></div>""",4.87177,0.000398,-0.000398,0.0,4.8717700&plusmn;0.0003975,,,,,,0.336778,0.020241,-0.020241,0.0,0.3367780&plusmn;0.0202407,10.865574,0.320843,-0.320843,0.0,10.8655736&plusmn;0.3208426,0.352224,0.01053,-0.01053,0.0,0.3522240&plusmn;0.0105297,0,0,0,1,0,0,0,0,0,0,Published Confirmed,1,4,0,0,3,4,13,0,0,0,0,1171.1009489,0.1123822,-0.1123822,1171.1009489&plusmn;0.1123822,957.961,0.117383,-0.117383,957.961000&plusmn;0.117383,-673.638,0.101519,-0.101519,-673.638000&plusmn;0.101519,213.867,0.0758348,-0.0758348,213.8670000&plusmn;0.0758348,4.67517,0.00167,-0.00167,4.67517&plusmn;0.00167,11.73,0.121,-0.121,11.730&plusmn;0.121,10.16,0.1,-0.1,10.16&plusmn;0.10,5.934,0.019,-0.019,5.934&plusmn;0.019,5.349,0.049,-0.049,5.349&plusmn;0.049,5.01,0.021,-0.021
GJ 876 d,d,GJ 876,,HIP 113020,TIC 188580272,Gaia DR2 2603090003484152064,0,<a refstr=NELSON_ET_AL__2016 href=https://ui.adsabs.harvard.edu/abs/2016MNRAS.455.2484N/abstract target=ref>Nelson et al. 2016</a>,<a refstr=STASSUN_ET_AL__2019 href=https://ui.adsabs.harvard.edu/abs/2019AJ....158..138S/abstract target=ref>TICv8</a>,2005-11,2005,Radial Velocity,Ground,W. M. Keck Observatory,HIRES Spectrometer,10 m Keck I Telescope,<a refstr=RIVERA_ET_AL__2005 href=https://ui.adsabs.harvard.edu/abs/2005ApJ...634..625R/abstract target=ref> Rivera et al. 2005 </a>,343.3239737,22h53m17.75s,-14.2665958,-14d15m59.74s,52.00313,-59.63511,339.16805,-6.63092,1.937848,2.4e-05,-2.3e-05,0.0,"<div><span class=supersubNumber"">1.937848</span><span class=""superscript"">+0.000024</span><span class=""subscript"">-0.000023</span></div>""",286.32,-140.9,-23.85,0.0,"<div><span class=supersubNumber"">-140.90</span><span class=""superscript"">+286.32</span><span class=""subscript"">-23.85</span></div>""",0.02183911,1.9e-07,-1.8e-07,0.0,"<div><span class=supersubNumber"">0.02183911</span><span class=""superscript"">+0.00000019</span><span class=""subscript"">-0.00000018</span></div>""",53.19,1.39,-1.43,0.0,"<div><span class=supersubNumber"">53.19</span><span class=""superscript"">+1.39</span><span class=""subscript"">-1.43</span></div>""",,,,,,0.119,0.05,-0.052,0.0,"<div><span class=supersubNumber"">0.119</span><span class=""superscript"">+0.050</span><span class=""subscript"">-0.052</span></div>""",,,,,,,,,,,,,,,,,,,,,,,,,,,,,,,,,,,,5.010&plusmn;0.021,,,,,,,,,,,,,,,,,,,,,,,,,,,,,,,,,,,,,8.8753,0.00145,-0.00145,8.87530&plusmn;0.00145,7.57703,0.0074424,-0.0074424,7.5770300&plusmn;0.0074424,0,,,,9.131,,,9.131,,,,,,,,,,,0.928399285591086,-0.2781097615002609,-0.2464340217425938,-1428809485,6.01,0.3,-0.3,0.0,6.01&plusmn;0.30,,,,,,,,,,,,,,,,,,,,,,,,,,2016-01-27,2016-01,<a refstr=NELSON_ET_AL__2016 href=https://ui.adsabs.harvard.edu/abs/2016MNRAS.455.2484N/abstract target=ref>Nelson et al. 2016</a>,2016-01-28,0,,,,,,,,,,,,,,,,,,,,0.02356606,0.00135292,-0.00129,0.0,"<div><span class=supersubNumber"">0.0236</span><span class=""superscript"">+0.0014</span><span class=""subscript"">-0.0013</span></div>""",7.49,0.43,-0.41,0.0,"<div><span class=supersubNumber"">7.49</span><span class=""superscript"">+0.43</span><span class=""subscript"">-0.41</span></div>""",0.02356606,0.00135292,-0.00129,0.0,"<div><span class=supersubNumber"">0.0236</span><span class=""superscript"">+0.0014</span><span class=""subscript"">-0.0013</span></div>""",7.49,0.43,-0.41,0.0,"<div><span class=supersubNumber"">7.49</span><span class=""superscript"">+0.43</span><span class=""subscript"">-0.41</span></div>""",Mass,,,,,,,,,,,,,,,,,,,,,,,,,,,,,,,,,,,,,,,,,,,,,,0.37,,,0.0,0.37,,,,,,,,,,,0,0,0,1,0,0,0,0,0,0,Published Confirmed,1,4,0,0,3,4,13,0,0,0,1,1171.1009489,0.1123822,-0.1123822,1171.1009489&plusmn;0.1123822,957.961,0.117383,-0.117383,957.961000&plusmn;0.117383,-673.638,0.101519,-0.101519,-673.638000&plusmn;0.101519,213.867,0.0758348,-0.0758348,213.8670000&plusmn;0.0758348,4.67517,0.00167,-0.00167,4.67517&plusmn;0.00167,11.73,0.121,-0.121,11.730&plusmn;0.121,10.16,0.1,-0.1,10.16&plusmn;0.10,5.934,0.019,-0.019,5.934&plusmn;0.019,5.349,0.049,-0.049,5.349&plusmn;0.049,5.01,0.021,-0.021
GJ 876 b,b,GJ 876,,HIP 113020,TIC 188580272,Gaia DR2 2603090003484152064,0,<a refstr=ROSENTHAL_ET_AL__2021 href=https://ui.adsabs.harvard.edu/abs/2021ApJS..255....8R/abstract target=ref>Rosenthal et al. 2021</a>,<a refstr=STASSUN_ET_AL__2019 href=https://ui.adsabs.harvard.edu/abs/2019AJ....158..138S/abstract target=ref>TICv8</a>,1998-10,1998,Radial Velocity,Ground,Multiple Observatories,Multiple Instruments,Multiple Telescopes,<a refstr=MARCY_ET_AL__1998 href=https://ui.adsabs.harvard.edu/abs/1998ApJ...505L.147M/abstract target=ref> Marcy et al. 1998 </a>,343.3239737,22h53m17.75s,-14.2665958,-14d15m59.74s,52.00313,-59.63511,339.16805,-6.63092,61.03474,0.0008,-0.00084,0.0,"<div><span class=supersubNumber"">61.03474</span><span class=""superscript"">+0.00080</span><span class=""subscript"">-0.00084</span></div>""",69.0,-6.0,-54.0,0.0,"<div><span class=supersubNumber"">-6.0</span><span class=""superscript"">+69.0</span><span class=""subscript"">-54.0</span></div>""",0.2177,0.0018,-0.0019,0.0,"<div><span class=supersubNumber"">0.2177</span><span class=""superscript"">+0.0018</span><span class=""subscript"">-0.0019</span></div>""",,,,,,,,,,,0.002,0.0019,-0.0014,0.0,"<div><span class=supersubNumber"">0.0020</span><span class=""superscript"">+0.0019</span><span class=""subscript"">-0.0014</span></div>""",,,,,,,,,,,,,,,,,,,,,,,,,,2453055.984,0.038,-0.047,0.0,"<div><span class=supersubNumber"">2453055.984</span><span class=""superscript"">+0.038</span><span class=""subscript"">-0.047</span></div>""",,,,,,5.010&plusmn;0.021,,,,,,,,,,,,,,,,,,,,,,,,,,,,,,,,,,,,,8.8753,0.00145,-0.00145,8.87530&plusmn;0.00145,7.57703,0.0074424,-0.0074424,7.5770300&plusmn;0.0074424,0,BJD,[Fe/H],,9.131,,,9.131,,,,,,,,,,,0.928399285591086,-0.2781097615002609,-0.2464340217425938,-1428809485,211.97,0.56,-0.6,0.0,"<div><span class=supersubNumber"">211.97</span><span class=""superscript"">+0.56</span><span class=""subscript"">-0.60</span></div>""",,,,,,,,,,,,,,,,,,,,,,,,,,2021-09-20,2021-07,<a refstr=ROSENTHAL_ET_AL__2021 href=https://ui.adsabs.harvard.edu/abs/2021ApJS..255....8R/abstract target=ref>Rosenthal et al. 2021</a>,2021-09-20,0,,,,,,,,,,,,,,,,,,,,,,,,,,,,,,2.115,0.035,-0.036,0.0,"<div><span class=supersubNumber"">2.115</span><span class=""superscript"">+0.035</span><span class=""subscript"">-0.036</span></div>""",672.20708081,11.12399425,-11.44182265,0.0,"<div><span class=supersubNumber"">672.2</span><span class=""superscript"">+11.1</span><span class=""subscript"">-11.4</span></div>""",Msini,2.115,0.035,-0.036,0.0,"<div><span class=supersubNumber"">2.115</span><span class=""superscript"">+0.035</span><span class=""subscript"">-0.036</span></div>""",672.20708081,11.12399425,-11.44182265,0.0,"<div><span class=supersubNumber"">672.2</span><span class=""superscript"">+11.1</span><span class=""subscript"">-11.4</span></div>""",3293.74,48.39,-48.39,0.0,3293.736655730000&plusmn;48.386496441900,0.2129,0.0637,-0.0637,0.0,0.21286354470300&plusmn;0.06368761130365,,,,,,,,,,,,,,,,4.874911,0.011674,-0.011674,0.0,4.8749106899400001&plusmn;0.0116743716177000,,,,,,0.369607,0.009251,-0.009251,0.0,0.36960720960300&plusmn;0.00925103268102,,,,,,0.367,0.00802,-0.00802,0.0,0.3669996545570000&plusmn;0.0080203676275800,0,0,0,1,1,0,0,0,0,0,Published Confirmed,1,4,0,0,3,4,13,0,0,0,0,1171.1009489,0.1123822,-0.1123822,1171.1009489&plusmn;0.1123822,957.961,0.117383,-0.117383,957.961000&plusmn;0.117383,-673.638,0.101519,-0.101519,-673.638000&plusmn;0.101519,213.867,0.0758348,-0.0758348,213.8670000&plusmn;0.0758348,4.67517,0.00167,-0.00167,4.67517&plusmn;0.00167,11.73,0.121,-0.121,11.730&plusmn;0.121,10.16,0.1,-0.1,10.16&plusmn;0.10,5.934,0.019,-0.019,5.934&plusmn;0.019,5.349,0.049,-0.049,5.349&plusmn;0.049,5.01,0.021,-0.021
GJ 876 d,d,GJ 876,,HIP 113020,TIC 188580272,Gaia DR2 2603090003484152064,0,<a refstr=KAMMER_ET_AL__2014 href=https://ui.adsabs.harvard.edu/abs/2014ApJ...781..103K/abstract target=ref>Kammer et al. 2014</a>,<a refstr=STASSUN_ET_AL__2019 href=https://ui.adsabs.harvard.edu/abs/2019AJ....158..138S/abstract target=ref>TICv8</a>,2005-11,2005,Radial Velocity,Ground,W. M. Keck Observatory,HIRES Spectrometer,10 m Keck I Telescope,<a refstr=RIVERA_ET_AL__2005 href=https://ui.adsabs.harvard.edu/abs/2005ApJ...634..625R/abstract target=ref> Rivera et al. 2005 </a>,343.3239737,22h53m17.75s,-14.2665958,-14d15m59.74s,52.00313,-59.63511,339.16805,-6.63092,1.93778,2e-05,-2e-05,0.0,1.93778&plusmn;0.00002,,,,,,,,,,,,,,,,,,,,,0.207,0.055,-0.055,0.0,0.207&plusmn;0.055,,,,,,,,,,,,,,,,,,,,,,,,,,,,,,,,,,,,5.010&plusmn;0.021,,,,,,,,,,,,,,,,,,,,,,,,,,,,,,,,,,,,,8.8753,0.00145,-0.00145,8.87530&plusmn;0.00145,7.57703,0.0074424,-0.0074424,7.5770300&plusmn;0.0074424,0,,,,9.131,,,9.131,,,,,,,,,,,0.928399285591086,-0.2781097615002609,-0.2464340217425938,-1428809485,,,,,,,,,,,,,,,,,,,,,,,,,,,,,,,2015-04-24,2014-02,<a refstr=STASSUN_ET_AL__2019 href=https://ui.adsabs.harvard.edu/abs/2019AJ....158..138S/abstract target=ref>TICv8</a>,2015-04-24,0,,,,,,,,,,,,,,,,,,,,,,,,,,,,,,0.01840607,0.00122707,-0.00122707,0.0,0.0184&plusmn;0.0012,5.85,0.39,-0.39,0.0,5.85&plusmn;0.39,Msini,0.01840607,0.00122707,-0.00122707,0.0,0.0184&plusmn;0.0012,5.85,0.39,-0.39,0.0,5.85&plusmn;0.39,3271.0,157.0,-157.0,0.0,3271.0&plusmn;157.0,,,,,,,,,,,,,,,,-1.89295,0.09803,-0.12681,0.0,"<div><span class=supersubNumber"">-1.89295</span><span class=""superscript"">+0.09803</span><span class=""subscript"">-0.12681</span></div>""",4.87177,0.000398,-0.000398,0.0,4.8717700&plusmn;0.0003975,,,,,,0.336778,0.020241,-0.020241,0.0,0.3367780&plusmn;0.0202407,10.865574,0.320843,-0.320843,0.0,10.8655736&plusmn;0.3208426,0.352224,0.01053,-0.01053,0.0,0.3522240&plusmn;0.0105297,0,0,0,1,0,0,0,0,0,0,Published Confirmed,1,4,0,0,3,4,13,0,0,0,1,1171.1009489,0.1123822,-0.1123822,1171.1009489&plusmn;0.1123822,957.961,0.117383,-0.117383,957.961000&plusmn;0.117383,-673.638,0.101519,-0.101519,-673.638000&plusmn;0.101519,213.867,0.0758348,-0.0758348,213.8670000&plusmn;0.0758348,4.67517,0.00167,-0.00167,4.67517&plusmn;0.00167,11.73,0.121,-0.121,11.730&plusmn;0.121,10.16,0.1,-0.1,10.16&plusmn;0.10,5.934,0.019,-0.019,5.934&plusmn;0.019,5.349,0.049,-0.049,5.349&plusmn;0.049,5.01,0.021,-0.021
GJ 876 d,d,GJ 876,,HIP 113020,TIC 188580272,Gaia DR2 2603090003484152064,0,<a refstr=RIVERA_ET_AL__2005 href=https://ui.adsabs.harvard.edu/abs/2005ApJ...634..625R/abstract target=ref> Rivera et al. 2005 </a>,<a refstr=STASSUN_ET_AL__2019 href=https://ui.adsabs.harvard.edu/abs/2019AJ....158..138S/abstract target=ref>TICv8</a>,2005-11,2005,Radial Velocity,Ground,W. M. Keck Observatory,HIRES Spectrometer,10 m Keck I Telescope,<a refstr=RIVERA_ET_AL__2005 href=https://ui.adsabs.harvard.edu/abs/2005ApJ...634..625R/abstract target=ref> Rivera et al. 2005 </a>,343.3239737,22h53m17.75s,-14.2665958,-14d15m59.74s,52.00313,-59.63511,339.16805,-6.63092,1.93774,6e-05,-6e-05,0.0,1.93774&plusmn;0.00006,,0.0,,0.0,0,0.0208067,4e-07,-4e-07,0.0,0.0208067&plusmn;0.0000004,50.0,,,0.0,50,,,,,,0.0,,,0.0,0,,,,,,,,,,,,,,,,,,,,,,,,,,,,,,,,,,,,5.010&plusmn;0.021,,,,,,,,,,,,,,,,,,,,,,,,,,,,,,,,,,,,,8.8753,0.00145,-0.00145,8.87530&plusmn;0.00145,7.57703,0.0074424,-0.0074424,7.5770300&plusmn;0.0074424,0,,,,9.131,,,9.131,,,,,,,,,,,0.928399285591086,-0.2781097615002609,-0.2464340217425938,-1428809485,6.32,0.59,-0.59,0.0,6.32&plusmn;0.59,,,,,,,,,,,,,,,,,,,,,,,,,,2014-08-27,2005-11,<a refstr=STASSUN_ET_AL__2019 href=https://ui.adsabs.harvard.edu/abs/2019AJ....158..138S/abstract target=ref>TICv8</a>,2014-08-27,0,,,,,,,,,,,,,,,,,,,,0.024,0.002,-0.002,0.0,0.024&plusmn;0.002,7.53,0.7,-0.7,0.0,7.53&plusmn;0.70,0.024,0.002,-0.002,0.0,0.024&plusmn;0.002,7.53,0.7,-0.7,0.0,7.53&plusmn;0.70,Mass,,,,,,,,,,,3271.0,157.0,-157.0,0.0,3271.0&plusmn;157.0,,,,,,,,,,,,,,,,-1.89295,0.09803,-0.12681,0.0,"<div><span class=supersubNumber"">-1.89295</span><span class=""superscript"">+0.09803</span><span class=""subscript"">-0.12681</span></div>""",4.87177,0.000398,-0.000398,0.0,4.8717700&plusmn;0.0003975,,,,,,0.336778,0.020241,-0.020241,0.0,0.3367780&plusmn;0.0202407,10.865574,0.320843,-0.320843,0.0,10.8655736&plusmn;0.3208426,0.352224,0.01053,-0.01053,0.0,0.3522240&plusmn;0.0105297,0,0,0,1,0,0,0,0,0,0,Published Confirmed,1,4,0,0,3,4,13,0,0,0,1,1171.1009489,0.1123822,-0.1123822,1171.1009489&plusmn;0.1123822,957.961,0.117383,-0.117383,957.961000&plusmn;0.117383,-673.638,0.101519,-0.101519,-673.638000&plusmn;0.101519,213.867,0.0758348,-0.0758348,213.8670000&plusmn;0.0758348,4.67517,0.00167,-0.00167,4.67517&plusmn;0.00167,11.73,0.121,-0.121,11.730&plusmn;0.121,10.16,0.1,-0.1,10.16&plusmn;0.10,5.934,0.019,-0.019,5.934&plusmn;0.019,5.349,0.049,-0.049,5.349&plusmn;0.049,5.01,0.021,-0.021
GJ 876 e,e,GJ 876,,HIP 113020,TIC 188580272,Gaia DR2 2603090003484152064,0,<a refstr=NELSON_ET_AL__2016 href=https://ui.adsabs.harvard.edu/abs/2016MNRAS.455.2484N/abstract target=ref>Nelson et al. 2016</a>,<a refstr=STASSUN_ET_AL__2019 href=https://ui.adsabs.harvard.edu/abs/2019AJ....158..138S/abstract target=ref>TICv8</a>,2010-08,2010,Radial Velocity,Ground,W. M. Keck Observatory,HIRES Spectrometer,10 m Keck I Telescope,<a refstr=RIVERA_ET_AL__2010 href=https://ui.adsabs.harvard.edu/abs/2010ApJ...719..890R/abstract target=ref> Rivera et al. 2010 </a>,343.3239737,22h53m17.75s,-14.2665958,-14d15m59.74s,52.00313,-59.63511,339.16805,-6.63092,124.5,1.33,-1.33,0.0,124.50&plusmn;1.33,36.31,129.56,-185.78,0.0,"<div><span class=supersubNumber"">129.56</span><span class=""superscript"">+36.31</span><span class=""subscript"">-185.78</span></div>""",0.3514,0.0025,-0.0025,0.0,0.3514&plusmn;0.0025,53.19,1.39,-1.43,0.0,"<div><span class=supersubNumber"">53.19</span><span class=""superscript"">+1.39</span><span class=""subscript"">-1.43</span></div>""",,,,,,0.031,0.03,-0.025,0.0,"<div><span class=supersubNumber"">0.031</span><span class=""superscript"">+0.030</span><span class=""subscript"">-0.025</span></div>""",,,,,,,,,,,,,,,,,,,,,,,,,,,,,,,,,,,,5.010&plusmn;0.021,,,,,,,,,,,,,,,,,,,,,,,,,,,,,,,,,,,,,8.8753,0.00145,-0.00145,8.87530&plusmn;0.00145,7.57703,0.0074424,-0.0074424,7.5770300&plusmn;0.0074424,0,,,,9.131,,,9.131,,,,,,,,,,,0.928399285591086,-0.2781097615002609,-0.2464340217425938,-1428809485,3.31,0.38,-0.42,0.0,"<div><span class=supersubNumber"">3.31</span><span class=""superscript"">+0.38</span><span class=""subscript"">-0.42</span></div>""",,,,,,,,,,,,,,,,,,,,,,,,,,2016-01-27,2016-01,<a refstr=NELSON_ET_AL__2016 href=https://ui.adsabs.harvard.edu/abs/2016MNRAS.455.2484N/abstract target=ref>Nelson et al. 2016</a>,2016-01-28,0,,,,,,,,,,,,,,,,,,,,0.05216625,0.00616682,-0.00663877,0.0,"<div><span class=supersubNumber"">0.05217</span><span class=""superscript"">+0.00617</span><span class=""subscript"">-0.00664</span></div>""",16.58,1.96,-2.11,0.0,"<div><span class=supersubNumber"">16.58</span><span class=""superscript"">+1.96</span><span class=""subscript"">-2.11</span></div>""",0.05216625,0.00616682,-0.00663877,0.0,"<div><span class=supersubNumber"">0.05217</span><span class=""superscript"">+0.00617</span><span class=""subscript"">-0.00664</span></div>""",16.58,1.96,-2.11,0.0,"<div><span class=supersubNumber"">16.58</span><span class=""superscript"">+1.96</span><span class=""subscript"">-2.11</span></div>""",Mass,,,,,,,,,,,,,,,,,,,,,,,,,,,,,,,,,,,,,,,,,,,,,,0.37,,,0.0,0.37,,,,,,,,,,,0,0,0,1,0,0,0,0,0,0,Published Confirmed,1,4,0,0,3,4,13,0,0,0,0,1171.1009489,0.1123822,-0.1123822,1171.1009489&plusmn;0.1123822,957.961,0.117383,-0.117383,957.961000&plusmn;0.117383,-673.638,0.101519,-0.101519,-673.638000&plusmn;0.101519,213.867,0.0758348,-0.0758348,213.8670000&plusmn;0.0758348,4.67517,0.00167,-0.00167,4.67517&plusmn;0.00167,11.73,0.121,-0.121,11.730&plusmn;0.121,10.16,0.1,-0.1,10.16&plusmn;0.10,5.934,0.019,-0.019,5.934&plusmn;0.019,5.349,0.049,-0.049,5.349&plusmn;0.049,5.01,0.021,-0.021
GJ 876 e,e,GJ 876,,HIP 113020,TIC 188580272,Gaia DR2 2603090003484152064,0,<a refstr=TRIFONOV_ET_AL__2018 href=https://ui.adsabs.harvard.edu/abs/2018A&A...609A.117T/abstract target=ref>Trifonov et al. 2018</a>,<a refstr=STASSUN_ET_AL__2019 href=https://ui.adsabs.harvard.edu/abs/2019AJ....158..138S/abstract target=ref>TICv8</a>,2010-08,2010,Radial Velocity,Ground,W. M. Keck Observatory,HIRES Spectrometer,10 m Keck I Telescope,<a refstr=RIVERA_ET_AL__2010 href=https://ui.adsabs.harvard.edu/abs/2010ApJ...719..890R/abstract target=ref> Rivera et al. 2010 </a>,343.3239737,22h53m17.75s,-14.2665958,-14d15m59.74s,52.00313,-59.63511,339.16805,-6.63092,124.4,0.3,-0.7,0.0,"<div><span class=supersubNumber"">124.4</span><span class=""superscript"">+0.3</span><span class=""subscript"">-0.7</span></div>""",28.3,263.6,-46.0,0.0,"<div><span class=supersubNumber"">263.6</span><span class=""superscript"">+28.3</span><span class=""subscript"">-46.0</span></div>""",0.345,0.001,-0.002,0.0,"<div><span class=supersubNumber"">0.345</span><span class=""superscript"">+0.001</span><span class=""subscript"">-0.002</span></div>""",59.0,,,0.0,59.0,,,,,,0.04,0.021,-0.004,0.0,"<div><span class=supersubNumber"">0.040</span><span class=""superscript"">+0.021</span><span class=""subscript"">-0.004</span></div>""",,,,,,,,,,,,,,,,,,,,,,,,,,,,,,,,,,,,5.010&plusmn;0.021,,,,,,,,,,,,,,,,,,,,,,,,,,,,,,,,,,,,,8.8753,0.00145,-0.00145,8.87530&plusmn;0.00145,7.57703,0.0074424,-0.0074424,7.5770300&plusmn;0.0074424,0,,,,9.131,,,9.131,,,,,,,,,,,0.928399285591086,-0.2781097615002609,-0.2464340217425938,-1428809485,3.39,0.29,-0.28,0.0,"<div><span class=supersubNumber"">3.39</span><span class=""superscript"">+0.29</span><span class=""subscript"">-0.28</span></div>""",,,,,,,,,,,,,,,,,,,,,,,,,,2017-10-16,2018-02,<a refstr=STASSUN_ET_AL__2019 href=https://ui.adsabs.harvard.edu/abs/2019AJ....158..138S/abstract target=ref>TICv8</a>,2017-10-19,0,,,,,,,,,,0.05663768,0.0047351,-0.0047351,0.0,0.0566&plusmn;0.0047,18.00115332,1.50495708,-1.50495708,0.0,18.0&plusmn;1.5,,,,,,,,,,,0.05663768,0.0047351,-0.0047351,0.0,0.0566&plusmn;0.0047,18.00115332,1.50495708,-1.50495708,0.0,18.0&plusmn;1.5,Msin(i)/sin(i),0.04854797,0.00405877,-0.00399585,0.0,"<div><span class=supersubNumber"">0.04855</span><span class=""superscript"">+0.00406</span><span class=""subscript"">-0.00400</span></div>""",15.43,1.29,-1.27,0.0,"<div><span class=supersubNumber"">15.43</span><span class=""superscript"">+1.29</span><span class=""subscript"">-1.27</span></div>""",3271.0,157.0,-157.0,0.0,3271.0&plusmn;157.0,,,,,,,,,,,,,,,,-1.89295,0.09803,-0.12681,0.0,"<div><span class=supersubNumber"">-1.89295</span><span class=""superscript"">+0.09803</span><span class=""subscript"">-0.12681</span></div>""",4.87177,0.000398,-0.000398,0.0,4.8717700&plusmn;0.0003975,,,,,,0.336778,0.020241,-0.020241,0.0,0.3367780&plusmn;0.0202407,10.865574,0.320843,-0.320843,0.0,10.8655736&plusmn;0.3208426,0.352224,0.01053,-0.01053,0.0,0.3522240&plusmn;0.0105297,0,0,0,1,0,0,0,0,0,0,Published Confirmed,1,4,0,0,3,4,13,0,0,0,0,1171.1009489,0.1123822,-0.1123822,1171.1009489&plusmn;0.1123822,957.961,0.117383,-0.117383,957.961000&plusmn;0.117383,-673.638,0.101519,-0.101519,-673.638000&plusmn;0.101519,213.867,0.0758348,-0.0758348,213.8670000&plusmn;0.0758348,4.67517,0.00167,-0.00167,4.67517&plusmn;0.00167,11.73,0.121,-0.121,11.730&plusmn;0.121,10.16,0.1,-0.1,10.16&plusmn;0.10,5.934,0.019,-0.019,5.934&plusmn;0.019,5.349,0.049,-0.049,5.349&plusmn;0.049,5.01,0.021,-0.021
GJ 876 c,c,GJ 876,,HIP 113020,TIC 188580272,Gaia DR2 2603090003484152064,0,<a refstr=ROSENTHAL_ET_AL__2021 href=https://ui.adsabs.harvard.edu/abs/2021ApJS..255....8R/abstract target=ref>Rosenthal et al. 2021</a>,<a refstr=STASSUN_ET_AL__2019 href=https://ui.adsabs.harvard.edu/abs/2019AJ....158..138S/abstract target=ref>TICv8</a>,2001-07,2000,Radial Velocity,Ground,Multiple Observatories,Multiple Instruments,Multiple Telescopes,<a refstr=MARCY_ET_AL__2001 href=https://ui.adsabs.harvard.edu/abs/2001ApJ...556..296M/abstract target=ref> Marcy et al. 2001 </a>,343.3239737,22h53m17.75s,-14.2665958,-14d15m59.74s,52.00313,-59.63511,339.16805,-6.63092,30.22902,0.00052,-0.00055,0.0,"<div><span class=supersubNumber"">30.22902</span><span class=""superscript"">+0.00052</span><span class=""subscript"">-0.00055</span></div>""",92.0,-20.0,-50.0,0.0,"<div><span class=supersubNumber"">-20.0</span><span class=""superscript"">+92.0</span><span class=""subscript"">-50.0</span></div>""",0.1363,0.0011,-0.0012,0.0,"<div><span class=supersubNumber"">0.1363</span><span class=""superscript"">+0.0011</span><span class=""subscript"">-0.0012</span></div>""",,,,,,,,,,,0.0069,0.0063,-0.005,0.0,"<div><span class=supersubNumber"">0.00690</span><span class=""superscript"">+0.00630</span><span class=""subscript"">-0.00500</span></div>""",,,,,,,,,,,,,,,,,,,,,,,,,,2453029.298,0.049,-0.057,0.0,"<div><span class=supersubNumber"">2453029.298</span><span class=""superscript"">+0.049</span><span class=""subscript"">-0.057</span></div>""",,,,,,5.010&plusmn;0.021,,,,,,,,,,,,,,,,,,,,,,,,,,,,,,,,,,,,,8.8753,0.00145,-0.00145,8.87530&plusmn;0.00145,7.57703,0.0074424,-0.0074424,7.5770300&plusmn;0.0074424,0,BJD,[Fe/H],,9.131,,,9.131,,,,,,,,,,,0.928399285591086,-0.2781097615002609,-0.2464340217425938,-1428809485,88.44,0.55,-0.57,0.0,"<div><span class=supersubNumber"">88.44</span><span class=""superscript"">+0.55</span><span class=""subscript"">-0.57</span></div>""",,,,,,,,,,,,,,,,,,,,,,,,,,2021-09-20,2021-07,<a refstr=ROSENTHAL_ET_AL__2021 href=https://ui.adsabs.harvard.edu/abs/2021ApJS..255....8R/abstract target=ref>Rosenthal et al. 2021</a>,2021-09-20,0,,,,,,,,,,,,,,,,,,,,,,,,,,,,,,0.698,0.012,-0.013,0.0,"<div><span class=supersubNumber"">0.698</span><span class=""superscript"">+0.012</span><span class=""subscript"">-0.013</span></div>""",221.84422809,3.81394088,-4.13176929,0.0,"<div><span class=supersubNumber"">222</span><span class=""superscript"">+4</span><span class=""subscript"">-4</span></div>""",Msini,0.698,0.012,-0.013,0.0,"<div><span class=supersubNumber"">0.698</span><span class=""superscript"">+0.012</span><span class=""subscript"">-0.013</span></div>""",221.84422809,3.81394088,-4.13176929,0.0,"<div><span class=supersubNumber"">222</span><span class=""superscript"">+4</span><span class=""subscript"">-4</span></div>""",3293.74,48.39,-48.39,0.0,3293.736655730000&plusmn;48.386496441900,0.2129,0.0637,-0.0637,0.0,0.21286354470300&plusmn;0.06368761130365,,,,,,,,,,,,,,,,4.874911,0.011674,-0.011674,0.0,4.8749106899400001&plusmn;0.0116743716177000,,,,,,0.369607,0.009251,-0.009251,0.0,0.36960720960300&plusmn;0.00925103268102,,,,,,0.367,0.00802,-0.00802,0.0,0.3669996545570000&plusmn;0.0080203676275800,0,0,0,1,0,0,0,0,0,0,Published Confirmed,1,4,0,0,3,4,13,0,0,0,0,1171.1009489,0.1123822,-0.1123822,1171.1009489&plusmn;0.1123822,957.961,0.117383,-0.117383,957.961000&plusmn;0.117383,-673.638,0.101519,-0.101519,-673.638000&plusmn;0.101519,213.867,0.0758348,-0.0758348,213.8670000&plusmn;0.0758348,4.67517,0.00167,-0.00167,4.67517&plusmn;0.00167,11.73,0.121,-0.121,11.730&plusmn;0.121,10.16,0.1,-0.1,10.16&plusmn;0.10,5.934,0.019,-0.019,5.934&plusmn;0.019,5.349,0.049,-0.049,5.349&plusmn;0.049,5.01,0.021,-0.021
GJ 876 b,b,GJ 876,,HIP 113020,TIC 188580272,Gaia DR2 2603090003484152064,0,<a refstr=CORREIA_ET_AL__2010 href=https://ui.adsabs.harvard.edu/abs/2010A%26A...511A..21C/abstract target=ref> Correia et al. 2010 </a>,<a refstr=STASSUN_ET_AL__2019 href=https://ui.adsabs.harvard.edu/abs/2019AJ....158..138S/abstract target=ref>TICv8</a>,1998-10,1998,Radial Velocity,Ground,Multiple Observatories,Multiple Instruments,Multiple Telescopes,<a refstr=MARCY_ET_AL__1998 href=https://ui.adsabs.harvard.edu/abs/1998ApJ...505L.147M/abstract target=ref> Marcy et al. 1998 </a>,343.3239737,22h53m17.75s,-14.2665958,-14d15m59.74s,52.00313,-59.63511,339.16805,-6.63092,61.065,0.012,-0.012,0.0,61.065&plusmn;0.012,2.57,274.69,-2.57,0.0,274.69&plusmn;2.57,0.211,,,0.0,0.211,48.98,0.94,-0.94,0.0,48.98&plusmn;0.94,2455000.0,,,0.0,2455000.00,0.031,0.001,-0.001,0.0,0.031&plusmn;0.001,,,,,,,,,,,,,,,,,,,,,,,,,,,,,,,,,,,,5.010&plusmn;0.021,,,,,,,,,,,,,,,,,,,,,,,,,,,,,,,,,,,,,8.8753,0.00145,-0.00145,8.87530&plusmn;0.00145,7.57703,0.0074424,-0.0074424,7.5770300&plusmn;0.0074424,0,,[Fe/H],M4 V,9.131,,,9.131,,,,,,,,,,,0.928399285591086,-0.2781097615002609,-0.2464340217425938,-1428809485,212.09,0.33,-0.33,0.0,212.09&plusmn;0.33,,,,,,,,,,,,,,,,,,,,,,,,,,2014-08-27,2010-02,<a refstr=CORREIA_ET_AL__2010 href=https://ui.adsabs.harvard.edu/abs/2010A%26A...511A..21C/abstract target=ref> Correia et al. 2010 </a>,2014-08-27,0,,,,,,,,,,,,,,,,,,,,2.64,,,0.0,2.64,839.04,,,0.0,839.04,2.64,,,0.0,2.64,839.04,,,0.0,839.04,Mass,,,,,,,,,,,,,,,,0.05,0.2,-0.2,0.0,0.05&plusmn;0.20,,,,,,0.16,,,0.0,0.16,-1.886,,,0.0,-1.886,,,,,,2.55,2.45,-2.45,0.0,2.55&plusmn;2.45,0.334,0.033,-0.033,0.0,0.334&plusmn;0.033,,,,,,,,,,,0,0,0,1,1,0,0,0,0,0,Published Confirmed,1,4,0,0,3,4,13,0,0,0,0,1171.1009489,0.1123822,-0.1123822,1171.1009489&plusmn;0.1123822,957.961,0.117383,-0.117383,957.961000&plusmn;0.117383,-673.638,0.101519,-0.101519,-673.638000&plusmn;0.101519,213.867,0.0758348,-0.0758348,213.8670000&plusmn;0.0758348,4.67517,0.00167,-0.00167,4.67517&plusmn;0.00167,11.73,0.121,-0.121,11.730&plusmn;0.121,10.16,0.1,-0.1,10.16&plusmn;0.10,5.934,0.019,-0.019,5.934&plusmn;0.019,5.349,0.049,-0.049,5.349&plusmn;0.049,5.01,0.021,-0.021
GJ 876 c,c,GJ 876,,HIP 113020,TIC 188580272,Gaia DR2 2603090003484152064,0,<a refstr=MARCY_ET_AL__2001 href=https://ui.adsabs.harvard.edu/abs/2001ApJ...556..296M/abstract target=ref> Marcy et al. 2001 </a>,<a refstr=STASSUN_ET_AL__2019 href=https://ui.adsabs.harvard.edu/abs/2019AJ....158..138S/abstract target=ref>TICv8</a>,2001-07,2000,Radial Velocity,Ground,Multiple Observatories,Multiple Instruments,Multiple Telescopes,<a refstr=MARCY_ET_AL__2001 href=https://ui.adsabs.harvard.edu/abs/2001ApJ...556..296M/abstract target=ref> Marcy et al. 2001 </a>,343.3239737,22h53m17.75s,-14.2665958,-14d15m59.74s,52.00313,-59.63511,339.16805,-6.63092,30.12,0.02,-0.02,0.0,30.12&plusmn;0.02,12.0,330.0,-12.0,0.0,330&plusmn;12,0.13,,,0.0,0.130,,,,,,2450031.4,1.2,-1.2,0.0,2450031.4&plusmn;1.2,0.27,0.04,-0.04,0.0,0.27&plusmn;0.04,,,,,,,,,,,,,,,,,,,,,,,,,,,,,,,,,,,,5.010&plusmn;0.021,,,,,,,,,,,,,,,,,,,,,,,,,,,,,,,,,,,,,8.8753,0.00145,-0.00145,8.87530&plusmn;0.00145,7.57703,0.0074424,-0.0074424,7.5770300&plusmn;0.0074424,0,,,,9.131,,,9.131,,,,,,,,,,,0.928399285591086,-0.2781097615002609,-0.2464340217425938,-1428809485,81.0,5.0,-5.0,0.0,81&plusmn;5,,,,,,,,,,,,,,,,,,,,,,,,,,2014-08-27,2001-07,<a refstr=STASSUN_ET_AL__2019 href=https://ui.adsabs.harvard.edu/abs/2019AJ....158..138S/abstract target=ref>TICv8</a>,2014-08-27,0,,,,,,,,,,,,,,,,,,,,,,,,,,,,,,0.56,0.09,-0.09,0.0,0.56&plusmn;0.09,177.98,28.6,-28.6,0.0,177.98&plusmn;28.60,Msini,0.56,0.09,-0.09,0.0,0.56&plusmn;0.09,177.98,28.6,-28.6,0.0,177.98&plusmn;28.60,3271.0,157.0,-157.0,0.0,3271.0&plusmn;157.0,,,,,,,,,,,,,,,,-1.89295,0.09803,-0.12681,0.0,"<div><span class=supersubNumber"">-1.89295</span><span class=""superscript"">+0.09803</span><span class=""subscript"">-0.12681</span></div>""",4.87177,0.000398,-0.000398,0.0,4.8717700&plusmn;0.0003975,,,,,,0.336778,0.020241,-0.020241,0.0,0.3367780&plusmn;0.0202407,10.865574,0.320843,-0.320843,0.0,10.8655736&plusmn;0.3208426,0.352224,0.01053,-0.01053,0.0,0.3522240&plusmn;0.0105297,0,0,0,1,0,0,0,0,0,0,Published Confirmed,1,4,0,0,3,4,13,0,0,0,0,1171.1009489,0.1123822,-0.1123822,1171.1009489&plusmn;0.1123822,957.961,0.117383,-0.117383,957.961000&plusmn;0.117383,-673.638,0.101519,-0.101519,-673.638000&plusmn;0.101519,213.867,0.0758348,-0.0758348,213.8670000&plusmn;0.0758348,4.67517,0.00167,-0.00167,4.67517&plusmn;0.00167,11.73,0.121,-0.121,11.730&plusmn;0.121,10.16,0.1,-0.1,10.16&plusmn;0.10,5.934,0.019,-0.019,5.934&plusmn;0.019,5.349,0.049,-0.049,5.349&plusmn;0.049,5.01,0.021,-0.021
GJ 876 d,d,GJ 876,,HIP 113020,TIC 188580272,Gaia DR2 2603090003484152064,0,<a refstr=TRIFONOV_ET_AL__2018 href=https://ui.adsabs.harvard.edu/abs/2018A&A...609A.117T/abstract target=ref>Trifonov et al. 2018</a>,<a refstr=STASSUN_ET_AL__2019 href=https://ui.adsabs.harvard.edu/abs/2019AJ....158..138S/abstract target=ref>TICv8</a>,2005-11,2005,Radial Velocity,Ground,W. M. Keck Observatory,HIRES Spectrometer,10 m Keck I Telescope,<a refstr=RIVERA_ET_AL__2005 href=https://ui.adsabs.harvard.edu/abs/2005ApJ...634..625R/abstract target=ref> Rivera et al. 2005 </a>,343.3239737,22h53m17.75s,-14.2665958,-14d15m59.74s,52.00313,-59.63511,339.16805,-6.63092,1.938,0.001,-0.001,0.0,1.938&plusmn;0.001,21.8,272.8,-29.5,0.0,"<div><span class=supersubNumber"">272.8</span><span class=""superscript"">+21.8</span><span class=""subscript"">-29.5</span></div>""",0.021,0.001,-0.001,0.0,0.021&plusmn;0.001,59.0,,,0.0,59.0,,,,,,0.082,0.043,-0.025,0.0,"<div><span class=supersubNumber"">0.0820</span><span class=""superscript"">+0.0430</span><span class=""subscript"">-0.0250</span></div>""",,,,,,,,,,,,,,,,,,,,,,,,,,,,,,,,,,,,5.010&plusmn;0.021,,,,,,,,,,,,,,,,,,,,,,,,,,,,,,,,,,,,,8.8753,0.00145,-0.00145,8.87530&plusmn;0.00145,7.57703,0.0074424,-0.0074424,7.5770300&plusmn;0.0074424,0,,,,9.131,,,9.131,,,,,,,,,,,0.928399285591086,-0.2781097615002609,-0.2464340217425938,-1428809485,6.14,0.23,-0.22,0.0,"<div><span class=supersubNumber"">6.14</span><span class=""superscript"">+0.23</span><span class=""subscript"">-0.22</span></div>""",,,,,,,,,,,,,,,,,,,,,,,,,,2017-10-16,2018-02,<a refstr=STASSUN_ET_AL__2019 href=https://ui.adsabs.harvard.edu/abs/2019AJ....158..138S/abstract target=ref>TICv8</a>,2017-10-19,0,,,,,,,,,,0.02536399,0.00099107,-0.00099107,0.0,0.0254&plusmn;0.0010,8.06143677,0.31499102,-0.31499102,0.0,8.06&plusmn;0.31,,,,,,,,,,,0.02536399,0.00099107,-0.00099107,0.0,0.0254&plusmn;0.0010,8.06143677,0.31499102,-0.31499102,0.0,8.06&plusmn;0.31,Msin(i)/sin(i),0.02174118,0.00069219,-0.00084951,0.0,"<div><span class=supersubNumber"">0.02174</span><span class=""superscript"">+0.00069</span><span class=""subscript"">-0.00085</span></div>""",6.91,0.22,-0.27,0.0,"<div><span class=supersubNumber"">6.910</span><span class=""superscript"">+0.220</span><span class=""subscript"">-0.270</span></div>""",3271.0,157.0,-157.0,0.0,3271.0&plusmn;157.0,,,,,,,,,,,,,,,,-1.89295,0.09803,-0.12681,0.0,"<div><span class=supersubNumber"">-1.89295</span><span class=""superscript"">+0.09803</span><span class=""subscript"">-0.12681</span></div>""",4.87177,0.000398,-0.000398,0.0,4.8717700&plusmn;0.0003975,,,,,,0.336778,0.020241,-0.020241,0.0,0.3367780&plusmn;0.0202407,10.865574,0.320843,-0.320843,0.0,10.8655736&plusmn;0.3208426,0.352224,0.01053,-0.01053,0.0,0.3522240&plusmn;0.0105297,0,0,0,1,0,0,0,0,0,0,Published Confirmed,1,4,0,0,3,4,13,0,0,0,1,1171.1009489,0.1123822,-0.1123822,1171.1009489&plusmn;0.1123822,957.961,0.117383,-0.117383,957.961000&plusmn;0.117383,-673.638,0.101519,-0.101519,-673.638000&plusmn;0.101519,213.867,0.0758348,-0.0758348,213.8670000&plusmn;0.0758348,4.67517,0.00167,-0.00167,4.67517&plusmn;0.00167,11.73,0.121,-0.121,11.730&plusmn;0.121,10.16,0.1,-0.1,10.16&plusmn;0.10,5.934,0.019,-0.019,5.934&plusmn;0.019,5.349,0.049,-0.049,5.349&plusmn;0.049,5.01,0.021,-0.021
GJ 876 c,c,GJ 876,,HIP 113020,TIC 188580272,Gaia DR2 2603090003484152064,0,<a refstr=RIVERA_ET_AL__2005 href=https://ui.adsabs.harvard.edu/abs/2005ApJ...634..625R/abstract target=ref> Rivera et al. 2005 </a>,<a refstr=STASSUN_ET_AL__2019 href=https://ui.adsabs.harvard.edu/abs/2019AJ....158..138S/abstract target=ref>TICv8</a>,2001-07,2000,Radial Velocity,Ground,Multiple Observatories,Multiple Instruments,Multiple Telescopes,<a refstr=MARCY_ET_AL__2001 href=https://ui.adsabs.harvard.edu/abs/2001ApJ...556..296M/abstract target=ref> Marcy et al. 2001 </a>,343.3239737,22h53m17.75s,-14.2665958,-14d15m59.74s,52.00313,-59.63511,339.16805,-6.63092,30.455,0.019,-0.019,0.0,30.455&plusmn;0.019,0.9,197.4,-0.9,0.0,197.4&plusmn;0.9,0.13065,5e-05,-5e-05,0.0,0.13065&plusmn;0.00005,50.0,,,0.0,50,,,,,,0.2632,0.0013,-0.0013,0.0,0.2632&plusmn;0.0013,,,,,,,,,,,,,,,,,,,,,,,,,,,,,,,,,,,,5.010&plusmn;0.021,,,,,,,,,,,,,,,,,,,,,,,,,,,,,,,,,,,,,8.8753,0.00145,-0.00145,8.87530&plusmn;0.00145,7.57703,0.0074424,-0.0074424,7.5770300&plusmn;0.0074424,0,,,,9.131,,,9.131,,,,,,,,,,,0.928399285591086,-0.2781097615002609,-0.2464340217425938,-1428809485,87.14,0.67,-0.67,0.0,87.14&plusmn;0.67,,,,,,,,,,,,,,,,,,,,,,,,,,2014-08-27,2005-11,<a refstr=STASSUN_ET_AL__2019 href=https://ui.adsabs.harvard.edu/abs/2019AJ....158..138S/abstract target=ref>TICv8</a>,2014-08-27,0,,,,,,,,,,,,,,,,,,,,0.79,0.006,-0.006,0.0,0.790&plusmn;0.006,251.075,1.907,-1.907,0.0,251.075&plusmn;1.907,0.79,0.006,-0.006,0.0,0.790&plusmn;0.006,251.075,1.907,-1.907,0.0,251.075&plusmn;1.907,Mass,,,,,,,,,,,3271.0,157.0,-157.0,0.0,3271.0&plusmn;157.0,,,,,,,,,,,,,,,,-1.89295,0.09803,-0.12681,0.0,"<div><span class=supersubNumber"">-1.89295</span><span class=""superscript"">+0.09803</span><span class=""subscript"">-0.12681</span></div>""",4.87177,0.000398,-0.000398,0.0,4.8717700&plusmn;0.0003975,,,,,,0.336778,0.020241,-0.020241,0.0,0.3367780&plusmn;0.0202407,10.865574,0.320843,-0.320843,0.0,10.8655736&plusmn;0.3208426,0.352224,0.01053,-0.01053,0.0,0.3522240&plusmn;0.0105297,0,0,0,1,0,0,0,0,0,0,Published Confirmed,1,4,0,0,3,4,13,0,0,0,0,1171.1009489,0.1123822,-0.1123822,1171.1009489&plusmn;0.1123822,957.961,0.117383,-0.117383,957.961000&plusmn;0.117383,-673.638,0.101519,-0.101519,-673.638000&plusmn;0.101519,213.867,0.0758348,-0.0758348,213.8670000&plusmn;0.0758348,4.67517,0.00167,-0.00167,4.67517&plusmn;0.00167,11.73,0.121,-0.121,11.730&plusmn;0.121,10.16,0.1,-0.1,10.16&plusmn;0.10,5.934,0.019,-0.019,5.934&plusmn;0.019,5.349,0.049,-0.049,5.349&plusmn;0.049,5.01,0.021,-0.021
GJ 876 b,b,GJ 876,,HIP 113020,TIC 188580272,Gaia DR2 2603090003484152064,0,<a refstr=RIVERA_ET_AL__2005 href=https://ui.adsabs.harvard.edu/abs/2005ApJ...634..625R/abstract target=ref> Rivera et al. 2005 </a>,<a refstr=STASSUN_ET_AL__2019 href=https://ui.adsabs.harvard.edu/abs/2019AJ....158..138S/abstract target=ref>TICv8</a>,1998-10,1998,Radial Velocity,Ground,Multiple Observatories,Multiple Instruments,Multiple Telescopes,<a refstr=MARCY_ET_AL__1998 href=https://ui.adsabs.harvard.edu/abs/1998ApJ...505L.147M/abstract target=ref> Marcy et al. 1998 </a>,343.3239737,22h53m17.75s,-14.2665958,-14d15m59.74s,52.00313,-59.63511,339.16805,-6.63092,60.83,0.019,-0.019,0.0,60.830&plusmn;0.019,4.3,185.5,-4.3,0.0,185.5&plusmn;4.3,0.20774,4e-05,-4e-05,0.0,0.20774&plusmn;0.00004,50.0,,,0.0,50,,,,,,0.0338,0.0025,-0.0025,0.0,0.0338&plusmn;0.0025,,,,,,,,,,,,,,,,,,,,,,,,,,,,,,,,,,,,5.010&plusmn;0.021,,,,,,,,,,,,,,,,,,,,,,,,,,,,,,,,,,,,,8.8753,0.00145,-0.00145,8.87530&plusmn;0.00145,7.57703,0.0074424,-0.0074424,7.5770300&plusmn;0.0074424,0,,,,9.131,,,9.131,,,,,,,,,,,0.928399285591086,-0.2781097615002609,-0.2464340217425938,-1428809485,212.81,0.66,-0.66,0.0,212.81&plusmn;0.66,,,,,,,,,,,,,,,,,,,,,,,,,,2014-08-27,2005-11,<a refstr=STASSUN_ET_AL__2019 href=https://ui.adsabs.harvard.edu/abs/2019AJ....158..138S/abstract target=ref>TICv8</a>,2014-08-27,0,,,,,,,,,,,,,,,,,,,,2.53,0.008,-0.008,0.0,2.530&plusmn;0.008,804.076,2.543,-2.543,0.0,804.076&plusmn;2.543,2.53,0.008,-0.008,0.0,2.530&plusmn;0.008,804.076,2.543,-2.543,0.0,804.076&plusmn;2.543,Mass,,,,,,,,,,,3271.0,157.0,-157.0,0.0,3271.0&plusmn;157.0,,,,,,,,,,,,,,,,-1.89295,0.09803,-0.12681,0.0,"<div><span class=supersubNumber"">-1.89295</span><span class=""superscript"">+0.09803</span><span class=""subscript"">-0.12681</span></div>""",4.87177,0.000398,-0.000398,0.0,4.8717700&plusmn;0.0003975,,,,,,0.336778,0.020241,-0.020241,0.0,0.3367780&plusmn;0.0202407,10.865574,0.320843,-0.320843,0.0,10.8655736&plusmn;0.3208426,0.352224,0.01053,-0.01053,0.0,0.3522240&plusmn;0.0105297,0,0,0,1,1,0,0,0,0,0,Published Confirmed,1,4,0,0,3,4,13,0,0,0,0,1171.1009489,0.1123822,-0.1123822,1171.1009489&plusmn;0.1123822,957.961,0.117383,-0.117383,957.961000&plusmn;0.117383,-673.638,0.101519,-0.101519,-673.638000&plusmn;0.101519,213.867,0.0758348,-0.0758348,213.8670000&plusmn;0.0758348,4.67517,0.00167,-0.00167,4.67517&plusmn;0.00167,11.73,0.121,-0.121,11.730&plusmn;0.121,10.16,0.1,-0.1,10.16&plusmn;0.10,5.934,0.019,-0.019,5.934&plusmn;0.019,5.349,0.049,-0.049,5.349&plusmn;0.049,5.01,0.021,-0.021
GJ 876 d,d,GJ 876,,HIP 113020,TIC 188580272,Gaia DR2 2603090003484152064,0,<a refstr=ROSENTHAL_ET_AL__2021 href=https://ui.adsabs.harvard.edu/abs/2021ApJS..255....8R/abstract target=ref>Rosenthal et al. 2021</a>,<a refstr=STASSUN_ET_AL__2019 href=https://ui.adsabs.harvard.edu/abs/2019AJ....158..138S/abstract target=ref>TICv8</a>,2005-11,2005,Radial Velocity,Ground,W. M. Keck Observatory,HIRES Spectrometer,10 m Keck I Telescope,<a refstr=RIVERA_ET_AL__2005 href=https://ui.adsabs.harvard.edu/abs/2005ApJ...634..625R/abstract target=ref> Rivera et al. 2005 </a>,343.3239737,22h53m17.75s,-14.2665958,-14d15m59.74s,52.00313,-59.63511,339.16805,-6.63092,1.937916,2.7e-05,-3e-05,0.0,"<div><span class=supersubNumber"">1.937916</span><span class=""superscript"">+0.000027</span><span class=""subscript"">-0.000030</span></div>""",28.0,-63.6,-15.0,0.0,"<div><span class=supersubNumber"">-63.6</span><span class=""superscript"">+28.0</span><span class=""subscript"">-15.0</span></div>""",0.02183,0.00018,-0.00019,0.0,"<div><span class=supersubNumber"">0.02183</span><span class=""superscript"">+0.00018</span><span class=""subscript"">-0.00019</span></div>""",,,,,,,,,,,0.273,0.093,-0.098,0.0,"<div><span class=supersubNumber"">0.273</span><span class=""superscript"">+0.093</span><span class=""subscript"">-0.098</span></div>""",,,,,,,,,,,,,,,,,,,,,,,,,,2455200.064,0.047,-0.049,0.0,"<div><span class=supersubNumber"">2455200.064</span><span class=""superscript"">+0.047</span><span class=""subscript"">-0.049</span></div>""",,,,,,5.010&plusmn;0.021,,,,,,,,,,,,,,,,,,,,,,,,,,,,,,,,,,,,,8.8753,0.00145,-0.00145,8.87530&plusmn;0.00145,7.57703,0.0074424,-0.0074424,7.5770300&plusmn;0.0074424,0,BJD,[Fe/H],,9.131,,,9.131,,,,,,,,,,,0.928399285591086,-0.2781097615002609,-0.2464340217425938,-1428809485,6.1,0.56,-0.55,0.0,"<div><span class=supersubNumber"">6.10</span><span class=""superscript"">+0.56</span><span class=""subscript"">-0.55</span></div>""",,,,,,,,,,,,,,,,,,,,,,,,,,2022-05-09,2021-07,<a refstr=ROSENTHAL_ET_AL__2021 href=https://ui.adsabs.harvard.edu/abs/2021ApJS..255....8R/abstract target=ref>Rosenthal et al. 2021</a>,2022-05-09,0,,,,,,,,,,,,,,,,,,,,,,,,,,,,,,0.0184,0.0016,-0.0015,0.0,"<div><span class=supersubNumber"">0.0184</span><span class=""superscript"">+0.0016</span><span class=""subscript"">-0.0015</span></div>""",5.84804269,0.50852545,-0.47674261,0.0,"<div><span class=supersubNumber"">5.85</span><span class=""superscript"">+0.51</span><span class=""subscript"">-0.48</span></div>""",Msini,0.0184,0.0016,-0.0015,0.0,"<div><span class=supersubNumber"">0.0184</span><span class=""superscript"">+0.0016</span><span class=""subscript"">-0.0015</span></div>""",5.84804269,0.50852545,-0.47674261,0.0,"<div><span class=supersubNumber"">5.85</span><span class=""superscript"">+0.51</span><span class=""subscript"">-0.48</span></div>""",3293.74,48.39,-48.39,0.0,3293.736655730000&plusmn;48.386496441900,0.2129,0.0637,-0.0637,0.0,0.21286354470300&plusmn;0.06368761130365,,,,,,,,,,,,,,,,4.874911,0.011674,-0.011674,0.0,4.8749106899400001&plusmn;0.0116743716177000,,,,,,0.369607,0.009251,-0.009251,0.0,0.36960720960300&plusmn;0.00925103268102,,,,,,0.367,0.00802,-0.00802,0.0,0.3669996545570000&plusmn;0.0080203676275800,0,0,0,1,0,0,0,0,0,0,Published Confirmed,1,4,0,0,3,4,13,0,0,0,1,1171.1009489,0.1123822,-0.1123822,1171.1009489&plusmn;0.1123822,957.961,0.117383,-0.117383,957.961000&plusmn;0.117383,-673.638,0.101519,-0.101519,-673.638000&plusmn;0.101519,213.867,0.0758348,-0.0758348,213.8670000&plusmn;0.0758348,4.67517,0.00167,-0.00167,4.67517&plusmn;0.00167,11.73,0.121,-0.121,11.730&plusmn;0.121,10.16,0.1,-0.1,10.16&plusmn;0.10,5.934,0.019,-0.019,5.934&plusmn;0.019,5.349,0.049,-0.049,5.349&plusmn;0.049,5.01,0.021,-0.021
